"Judge","ID","State","Born.Died","Active.service","Chief.Justice","Retirement","Appointed.by","Reason.for","born","died","appointed","retired","terminated","electionYearAppointment","Replacing","Seat Rank","Date of Submission to Senate","Result","Vote","Date of Result","President","Days active","submit","confirm","electionYearSubmit","electionYearConfirm","Last","Line","LineNum","Died","n","modern","OutAlive","modern2"
"James Wilson",4,"PA","1742-1798","1789-1798",NA,NA,"Washington","Death",1742,1798,1789,1798,1798,FALSE,"Inaugural","AJ","September 24, 1789","confirmed","voice vote","September 26, 1789","Washington","2",1789-09-24,1789-09-26,FALSE,FALSE,"Wilson","AJ (seat 1)",2,"Died in Office",1,"pre 1920","Death","pre 1920"
"John Blair, Jr.",5,"VA","1732-1800","1789-1795",NA,NA,"Washington","Resignation",1732,1800,1789,1795,1795,FALSE,"Inaugural","AJ","September 24, 1789","confirmed","voice vote","September 26, 1789","Washington","2",1789-09-24,1789-09-26,FALSE,FALSE,"Blair","AJ (seat 3)",4,"Resigned/Retired/Currently Serving",1,"pre 1920","Resignation/Retirement","pre 1920"
"John Jay",1,"NY","1745-1829","1789-1795","1789-1795",NA,"Washington","Resignation",1745,1829,1789,1795,1795,FALSE,"Inaugural","CJ","September 24, 1789","confirmed","voice vote","September 26, 1789","Washington","2",1789-09-24,1789-09-26,FALSE,FALSE,"Jay","Chief Justice",1,"Resigned/Retired/Currently Serving",2,"pre 1920","Resignation/Retirement","pre 1920"
"John Rutledge",2,"SC","1739-1800","1789-1791",NA,NA,"Washington","Resignation",1739,1800,1789,1791,1791,FALSE,"Inaugural","AJ","September 24, 1789","confirmed","voice vote","September 26, 1789","Washington","2",1789-09-24,1789-09-26,FALSE,FALSE,"Rutledge","AJ (seat 4)",5,"Resigned/Retired/Currently Serving",4,"pre 1920","Resignation/Retirement","pre 1920"
"Robert H. Harrison",NA,NA,NA,NA,NA,NA,NA,NA,NA,NA,NA,NA,NA,NA,"Inaugural","AJ","September 24, 1789","declined","","September 26, 1789","Washington","2",1789-09-24,1789-09-26,FALSE,FALSE,"Harrison","AJ (seat 5)",6,NA,1,NA,NA,"pre 1920"
"William Cushing",3,"MA","1732-1810","1789-1810",NA,NA,"Washington","Resignation",1732,1810,1789,1810,1810,FALSE,"Inaugural","AJ","September 24, 1789","confirmed","voice vote","September 26, 1789","Washington","2",1789-09-24,1789-09-26,FALSE,FALSE,"Cushing","AJ (seat 2)",3,"Resigned/Retired/Currently Serving",2,"pre 1920","Resignation/Retirement","pre 1920"
"James Iredell",6,"NC","1751-1799","1790-1799",NA,NA,"Washington","Death",1751,1799,1790,1799,1799,FALSE,"Harrison","AJ","February 8, 1790","confirmed","voice vote","February 10, 1790","Washington","2",1790-02-08,1790-02-10,FALSE,FALSE,"Iredell","AJ (seat 5)",6,"Died in Office",1,"pre 1920","Death","pre 1920"
"Thomas Johnson",7,"MD","1732-1819","1792-1793",NA,NA,"Washington","Resignation",1732,1819,1792,1793,1793,TRUE,"Rutledge","AJ","November 1, 1791","confirmed","voice vote","November 7, 1791","Washington","6",1791-11-01,1791-11-07,FALSE,FALSE,"Johnson","AJ (seat 4)",5,"Resigned/Retired/Currently Serving",1,"pre 1920","Resignation/Retirement","pre 1920"
"William Paterson",8,"NJ","1745-1806","1793-1806",NA,NA,"Washington","Death",1745,1806,1793,1806,1806,FALSE,"Johnson","AJ","February 27, 1793","withdrawn","","February 28, 1793","Washington","1",1793-02-27,1793-02-28,FALSE,FALSE,"Paterson","AJ (seat 4)",5,"Died in Office",2,"pre 1920","Death","pre 1920"
"William Paterson",8,"NJ","1745-1806","1793-1806",NA,NA,"Washington","Death",1745,1806,1793,1806,1806,FALSE,"Johnson","AJ","March 4, 1793","confirmed","voice vote","March 4, 1793","Washington","0",1793-03-04,1793-03-04,FALSE,FALSE,"Paterson","AJ (seat 4)",5,"Died in Office",2,"pre 1920","Death","pre 1920"
"John Rutledge",2,"SC","1739-1800","1795-1795","1795",NA,"Washington","Rejection",1739,1800,1795,1795,1795,FALSE,"Jay","CJ","December 10, 1795","rejected","10â€“14","December 15, 1795","Washington","5",1795-12-10,1795-12-15,FALSE,FALSE,"Rutledge","Chief Justice",1,"Resigned/Retired/Currently Serving",4,"pre 1920","Resignation/Retirement","pre 1920"
"Samuel Chase",9,"MD","1741-1811","1796-1811",NA,NA,"Washington","Death",1741,1811,1796,1811,1811,TRUE,"Blair","AJ","January 26, 1796","confirmed","voice vote","January 27, 1796","Washington","1",1796-01-26,1796-01-27,TRUE,TRUE,"Chase","AJ (seat 3)",4,"Died in Office",1,"pre 1920","Death","pre 1920"
"William Cushing",3,"MA","1732-1810","1789-1810",NA,NA,"Washington","Death",1732,1810,1789,1810,1810,FALSE,"Rutledge","CJ","January 26, 1796","declined","","January 27, 1796","Washington","1",1796-01-26,1796-01-27,TRUE,TRUE,"Cushing","Chief Justice",1,"Died in Office",2,"pre 1920","Death","pre 1920"
"Oliver Ellsworth",10,"CT","1745-1807","1796-1800","1796-1800",NA,"Washington","Resignation",1745,1807,1796,1800,1800,TRUE,"Rutledge","CJ","March 3, 1796","confirmed","21â€“1","March 4, 1796","Washington","1",1796-03-03,1796-03-04,TRUE,TRUE,"Ellsworth","Chief Justice",1,"Resigned/Retired/Currently Serving",1,"pre 1920","Resignation/Retirement","pre 1920"
"Bushrod Washington",11,"VA","1762-1829","1798-1829",NA,NA,"Adams, J.","Death",1762,1829,1798,1829,1829,FALSE,"Wilson","AJ","December 19, 1798","confirmed","voice vote","December 20, 1798","J. Adams","1",1798-12-19,1798-12-20,FALSE,FALSE,"Washington","AJ (seat 1)",2,"Died in Office",1,"pre 1920","Death","pre 1920"
"Alfred Moore",12,"NC","1755-1810","1800-1804",NA,NA,"Adams, J.","Resignation",1755,1810,1800,1804,1804,TRUE,"Iredell","AJ","December 4, 1799","confirmed","voice vote","December 10, 1799","J. Adams","6",1799-12-04,1799-12-10,FALSE,FALSE,"Moore","AJ (seat 5)",6,"Resigned/Retired/Currently Serving",1,"pre 1920","Resignation/Retirement","pre 1920"
"John Jay",1,"NY","1745-1829","1789-1795","1789-1795",NA,"Washington","Resignation",1745,1829,1789,1795,1795,FALSE,"Ellsworth","CJ","December 18, 1800","declined","","December 19, 1800","J. Adams","1",1800-12-18,1800-12-19,TRUE,TRUE,"Jay","Chief Justice",1,"Resigned/Retired/Currently Serving",2,"pre 1920","Resignation/Retirement","pre 1920"
"John Marshall",13,"VA","1755-1835","1801-1835","1801-1835",NA,"Adams, J.","Death",1755,1835,1801,1835,1835,FALSE,"Ellsworth","CJ","January 20, 1801","confirmed","voice vote","January 27, 1801","J. Adams","7",1801-01-20,1801-01-27,FALSE,FALSE,"Marshall","Chief Justice",1,"Died in Office",1,"pre 1920","Death","pre 1920"
"William Johnson",14,"SC","1771-1834","1804-1834",NA,NA,"Jefferson","Death",1771,1834,1804,1834,1834,TRUE,"Moore","AJ","March 22, 1804","confirmed","voice vote","March 24, 1804","Jefferson","2",1804-03-22,1804-03-24,TRUE,TRUE,"Johnson","AJ (seat 5)",6,"Died in Office",1,"pre 1920","Death","pre 1920"
"Henry Brockholst Livingston",15,"NY","1757-1823","1807-1823",NA,NA,"Jefferson","Death",1757,1823,1807,1823,1823,FALSE,"Paterson","AJ","December 13, 1806","confirmed","voice vote","December 17, 1806","Jefferson","4",1806-12-13,1806-12-17,FALSE,FALSE,"Livingston","AJ (seat 4)",5,"Died in Office",1,"pre 1920","Death","pre 1920"
"Thomas Todd",16,"KY","1765-1826","1807-1826",NA,NA,"Jefferson","Death",1765,1826,1807,1826,1826,FALSE,"Inaugural","AJ","February 28, 1807","confirmed","voice vote","March 2, 1807","Jefferson","2",1807-02-28,1807-03-02,FALSE,FALSE,"Todd","AJ (seat 6)",7,"Died in Office",1,"pre 1920","Death","pre 1920"
"Levi Lincoln, Sr.",NA,NA,NA,NA,NA,NA,NA,NA,NA,NA,NA,NA,NA,NA,"Cushing","AJ","January 2, 1811","declined","","January 3, 1811","Madison","1",1811-01-02,1811-01-03,FALSE,FALSE,"Lincoln","AJ (seat 2)",3,NA,1,NA,NA,"pre 1920"
"Alexander Wolcott",NA,NA,NA,NA,NA,NA,NA,NA,NA,NA,NA,NA,NA,NA,"Cushing","AJ","February 4, 1811","rejected","9â€“24","February 13, 1811","Madison","9",1811-02-04,1811-02-13,FALSE,FALSE,"Wolcott","AJ (seat 2)",3,NA,1,NA,NA,"pre 1920"
"John Quincy Adams",NA,NA,NA,NA,NA,NA,NA,NA,NA,NA,NA,NA,NA,NA,"Cushing","AJ","February 21, 1811","declined","","February 22, 1811","Madison","1",1811-02-21,1811-02-22,FALSE,FALSE,"Adams","AJ (seat 2)",3,NA,1,NA,NA,"pre 1920"
"Gabriel Duvall",17,"MD","1752-1844","1811-1835",NA,NA,"Madison","Resignation",1752,1844,1811,1835,1835,FALSE,"Chase","AJ","November 15, 1811","confirmed","voice vote","November 18, 1811","Madison","3",1811-11-15,1811-11-18,FALSE,FALSE,"Duvall","AJ (seat 3)",4,"Resigned/Retired/Currently Serving",1,"pre 1920","Resignation/Retirement","pre 1920"
"Joseph Story",18,"MA","1779-1845","1812-1845",NA,NA,"Madison","Death",1779,1845,1812,1845,1845,TRUE,"Cushing","AJ","November 15, 1811","confirmed","voice vote","November 18, 1811","Madison","3",1811-11-15,1811-11-18,FALSE,FALSE,"Story","AJ (seat 2)",3,"Died in Office",1,"pre 1920","Death","pre 1920"
"Smith Thompson",19,"NY","1768-1843","1823-1843",NA,NA,"Monroe","Death",1768,1843,1823,1843,1843,FALSE,"Livingston","AJ","December 5, 1823","confirmed","voice vote","December 9, 1823","Monroe","4",1823-12-05,1823-12-09,FALSE,FALSE,"Thompson","AJ (seat 4)",5,"Died in Office",1,"pre 1920","Death","pre 1920"
"Robert Trimble",20,"KY","1776-1828","1826-1828",NA,NA,"Adams, J. Q.","Death",1776,1828,1826,1828,1828,FALSE,"Todd","AJ","April 11, 1826","confirmed","27â€“5","May 9, 1826","J. Q. Adams","28",1826-04-11,1826-05-09,FALSE,FALSE,"Trimble","AJ (seat 6)",7,"Died in Office",1,"pre 1920","Death","pre 1920"
"John J. Crittenden",NA,NA,NA,NA,NA,NA,NA,NA,NA,NA,NA,NA,NA,NA,"Trimble","AJ","December 17, 1828","postponed","23â€“17","February 12, 1829","J. Q. Adams","57",1828-12-17,1829-02-12,TRUE,FALSE,"Crittenden","AJ (seat 6)",7,NA,1,NA,NA,"pre 1920"
"John McLean",21,"OH","1785-1861","1829-1861",NA,NA,"Jackson","Death",1785,1861,1829,1861,1861,FALSE,"Trimble","AJ","March 6, 1829","confirmed","voice vote","March 7, 1829","Jackson","1",1829-03-06,1829-03-07,FALSE,FALSE,"McLean","AJ (seat 6)",7,"Died in Office",1,"pre 1920","Death","pre 1920"
"Henry Baldwin",22,"PA","1780-1844","1830-1844",NA,NA,"Jackson","Death",1780,1844,1830,1844,1844,FALSE,"Washington","AJ","January 4, 1830","confirmed","41â€“2","January 6, 1830","Jackson","2",1830-01-04,1830-01-06,FALSE,FALSE,"Baldwin","AJ (seat 1)",2,"Died in Office",1,"pre 1920","Death","pre 1920"
"James Moore Wayne",23,"GA","1790-1867","1835-1867",NA,NA,"Jackson","Death",1790,1867,1835,1867,1867,FALSE,"Johnson","AJ","January 6, 1835","confirmed","voice vote","January 9, 1835","Jackson","3",1835-01-06,1835-01-09,FALSE,FALSE,"Wayne","AJ (seat 5)",6,"Died in Office",1,"pre 1920","Death","pre 1920"
"Roger B. Taney",24,"MD","1777-1864","1836-1864","1836-1864",NA,"Jackson","Resignation",1777,1864,1836,1864,1864,TRUE,"Duvall","AJ","January 15, 1835","postponed","24â€“21","March 3, 1835","Jackson","47",1835-01-15,1835-03-03,FALSE,FALSE,"Taney","AJ (seat 3)",4,"Resigned/Retired/Currently Serving",2,"pre 1920","Resignation/Retirement","pre 1920"
"Philip Pendleton Barbour",25,"VA","1783-1841","1836-1841",NA,NA,"Jackson","Death",1783,1841,1836,1841,1841,TRUE,"Duvall","AJ","December 28, 1835","confirmed","30â€“11","March 15, 1836","Jackson","78",1835-12-28,1836-03-15,FALSE,TRUE,"Barbour","AJ (seat 3)",4,"Died in Office",1,"pre 1920","Death","pre 1920"
"Roger B. Taney",24,"MD","1777-1864","1836-1864","1836-1864",NA,"Jackson","Death",1777,1864,1836,1864,1864,TRUE,"Marshall","CJ","December 28, 1835","confirmed","29â€“15","March 15, 1836","Jackson","78",1835-12-28,1836-03-15,FALSE,TRUE,"Taney","Chief Justice",1,"Died in Office",2,"pre 1920","Death","pre 1920"
"John Catron",26,"TN","1786-1865","1837-1865",NA,NA,"Jackson","Death",1786,1865,1837,1865,1865,FALSE,"Inaugural","AJ","March 3, 1837","confirmed","28â€“15","March 8, 1837","Jackson","5",1837-03-03,1837-03-08,FALSE,FALSE,"Catron","AJ (seat 7)",8,"Died in Office",1,"pre 1920","Death","pre 1920"
"William Smith",NA,NA,NA,NA,NA,NA,NA,NA,NA,NA,NA,NA,NA,NA,"Inaugural","AJ","March 3, 1837","declined","23â€“18","March 8, 1837","Jackson","5",1837-03-03,1837-03-08,FALSE,FALSE,"Smith","AJ (seat 8)",9,NA,1,NA,NA,"pre 1920"
"John McKinley",27,"AL","1780-1852","1837-1852",NA,NA,"Van Buren","Death",1780,1852,1837,1852,1852,FALSE,"Inaugural","AJ","September 18, 1837","confirmed","voice vote","September 25, 1837","Van Buren","7",1837-09-18,1837-09-25,FALSE,FALSE,"McKinley","AJ (seat 8)",9,"Died in Office",1,"pre 1920","Death","pre 1920"
"Peter Vivian Daniel",28,"VA","1784-1860","1842-1860",NA,NA,"Van Buren","Death",1784,1860,1842,1860,1860,FALSE,"Barbour","AJ","February 26, 1841","confirmed","25â€“5","March 2, 1841","Van Buren","4",1841-02-26,1841-03-02,FALSE,FALSE,"Daniel","AJ (seat 3)",4,"Died in Office",1,"pre 1920","Death","pre 1920"
"John Canfield Spencer",NA,NA,NA,NA,NA,NA,NA,NA,NA,NA,NA,NA,NA,NA,"Thompson","AJ","January 9, 1844","rejected","21â€“26","January 31, 1844","Tyler","22",1844-01-09,1844-01-31,TRUE,TRUE,"Spencer","AJ (seat 4)",5,NA,2,NA,NA,"pre 1920"
"Reuben Walworth",NA,NA,NA,NA,NA,NA,NA,NA,NA,NA,NA,NA,NA,NA,"Thompson","AJ","March 13, 1844","withdrawn","27â€“20[3]","June 17, 1844","Tyler","4",1844-03-13,1844-06-17,TRUE,TRUE,"Walworth","AJ (seat 4)",5,NA,3,NA,NA,"pre 1920"
"Edward King",NA,NA,NA,NA,NA,NA,NA,NA,NA,NA,NA,NA,NA,NA,"Baldwin","AJ","June 5, 1844","postponed","29â€“18","June 15, 1844","Tyler","10",1844-06-05,1844-06-15,TRUE,TRUE,"King","AJ (seat 1)",2,NA,2,NA,NA,"pre 1920"
"John Canfield Spencer",NA,NA,NA,NA,NA,NA,NA,NA,NA,NA,NA,NA,NA,NA,"Thompson","AJ","June 17, 1844","withdrawn","","June 17, 1844","Tyler","0",1844-06-17,1844-06-17,TRUE,TRUE,"Spencer","AJ (seat 4)",5,NA,2,NA,NA,"pre 1920"
"Reuben Walworth",NA,NA,NA,NA,NA,NA,NA,NA,NA,NA,NA,NA,NA,NA,"Thompson","AJ","June 17, 1844","no action","","June 17, 1844[4]","Tyler","0",1844-06-17,NA,TRUE,FALSE,"Walworth","AJ (seat 4)",5,NA,3,NA,NA,"pre 1920"
"Edward King",NA,NA,NA,NA,NA,NA,NA,NA,NA,NA,NA,NA,NA,NA,"Baldwin","AJ","December 4, 1844","withdrawn","","February 7, 1845","Tyler","65",1844-12-04,1845-02-07,TRUE,FALSE,"King","AJ (seat 1)",2,NA,2,NA,NA,"pre 1920"
"Reuben Walworth",NA,NA,NA,NA,NA,NA,NA,NA,NA,NA,NA,NA,NA,NA,"Thompson","AJ","December 4, 1844","withdrawn","","February 4, 1845","Tyler","62",1844-12-04,1845-02-04,TRUE,FALSE,"Walworth","AJ (seat 4)",5,NA,3,NA,NA,"pre 1920"
"Samuel Nelson",29,"NY","1792-1873","1845-1872",NA,NA,"Tyler","Retirement",1792,1873,1845,1872,1872,FALSE,"Thompson","AJ","February 4, 1845","confirmed","voice vote","February 14, 1845","Tyler","10",1845-02-04,1845-02-14,FALSE,FALSE,"Nelson","AJ (seat 4)",5,"Resigned/Retired/Currently Serving",1,"pre 1920","Resignation/Retirement","pre 1920"
"John M. Read",NA,NA,NA,NA,NA,NA,NA,NA,NA,NA,NA,NA,NA,NA,"Baldwin","AJ","February 7, 1845","no action","","","Tyler","0",1845-02-07,NA,FALSE,FALSE,"Read","AJ (seat 1)",2,NA,1,NA,NA,"pre 1920"
"George Woodward",NA,NA,NA,NA,NA,NA,NA,NA,NA,NA,NA,NA,NA,NA,"Baldwin","AJ","December 23, 1845","rejected","20â€“29","January 22, 1846","Polk","30",1845-12-23,1846-01-22,FALSE,FALSE,"Woodward","AJ (seat 1)",2,NA,1,NA,NA,"pre 1920"
"Levi Woodbury",30,"NH","1789-1851","1845-1851",NA,NA,"Polk","Death",1789,1851,1845,1851,1851,FALSE,"Story","AJ","December 23, 1845","confirmed","voice vote","January 31, 1846","Polk","39",1845-12-23,1846-01-31,FALSE,FALSE,"Woodbury","AJ (seat 2)",3,"Died in Office",1,"pre 1920","Death","pre 1920"
"Robert Cooper Grier",31,"PA","1794-1870","1846-1870",NA,NA,"Polk","Retirement",1794,1870,1846,1870,1870,FALSE,"Baldwin","AJ","August 3, 1846","confirmed","voice vote","August 4, 1846","Polk","1",1846-08-03,1846-08-04,FALSE,FALSE,"Grier","AJ (seat 1)",2,"Resigned/Retired/Currently Serving",1,"pre 1920","Resignation/Retirement","pre 1920"
"Benjamin Robbins Curtis",32,"MA","1809-1874","1851-1857",NA,NA,"Fillmore","Resignation",1809,1874,1851,1857,1857,FALSE,"Woodbury","AJ","December 11, 1851","confirmed","voice vote","December 20, 1851","Fillmore","9",1851-12-11,1851-12-20,FALSE,FALSE,"Curtis","AJ (seat 2)",3,"Resigned/Retired/Currently Serving",1,"pre 1920","Resignation/Retirement","pre 1920"
"Edward A. Bradford",NA,NA,NA,NA,NA,NA,NA,NA,NA,NA,NA,NA,NA,NA,"McKinley","AJ","August 16, 1852","no action","","","Fillmore","0",1852-08-16,NA,TRUE,FALSE,"Bradford","AJ (seat 8)",9,NA,1,NA,NA,"pre 1920"
"George Edmund Badger",NA,NA,NA,NA,NA,NA,NA,NA,NA,NA,NA,NA,NA,NA,"McKinley","AJ","January 3, 1853","withdrawn","","February 14, 1853","Fillmore","42",1853-01-03,1853-02-14,FALSE,FALSE,"Badger","AJ (seat 8)",9,NA,1,NA,NA,"pre 1920"
"William C. Micou",NA,NA,NA,NA,NA,NA,NA,NA,NA,NA,NA,NA,NA,NA,"McKinley","AJ","February 14, 1853","no action","","","Fillmore","0",1853-02-14,NA,FALSE,FALSE,"Micou","AJ (seat 8)",9,NA,1,NA,NA,"pre 1920"
"John Archibald Campbell",33,"AL","1811-1889","1853-1861",NA,NA,"Pierce","Resignation",1811,1889,1853,1861,1861,FALSE,"McKinley","AJ","March 21, 1853","confirmed","voice vote","March 22, 1853","Pierce","1",1853-03-21,1853-03-22,FALSE,FALSE,"Campbell","AJ (seat 8)",9,"Resigned/Retired/Currently Serving",1,"pre 1920","Resignation/Retirement","pre 1920"
"Nathan Clifford",34,"ME","1803-1881","1858-1881",NA,NA,"Buchanan","Death",1803,1881,1858,1881,1881,FALSE,"Curtis","AJ","December 9, 1857","confirmed","26â€“23","January 12, 1858","Buchanan","34",1857-12-09,1858-01-12,FALSE,FALSE,"Clifford","AJ (seat 2)",3,"Died in Office",1,"pre 1920","Death","pre 1920"
"Jeremiah S. Black",NA,NA,NA,NA,NA,NA,NA,NA,NA,NA,NA,NA,NA,NA,"Daniel","AJ","February 5, 1861","no action","25â€“26[5]","February 21, 1861","Buchanan","16",1861-02-05,1861-02-21,FALSE,FALSE,"Black","AJ (seat 3)",4,NA,1,NA,NA,"pre 1920"
"Noah Haynes Swayne",35,"OH","1804-1884","1862-1881",NA,NA,"Lincoln","Retirement",1804,1884,1862,1881,1881,FALSE,"McLean","AJ","January 21, 1862","confirmed","38â€“1","January 24, 1862","Lincoln","3",1862-01-21,1862-01-24,FALSE,FALSE,"Swayne","AJ (seat 6)",7,"Resigned/Retired/Currently Serving",1,"pre 1920","Resignation/Retirement","pre 1920"
"Samuel Freeman Miller",36,"IA","1816-1890","1862-1890",NA,NA,"Lincoln","Death",1816,1890,1862,1890,1890,FALSE,"Daniel","AJ","July 16, 1862","confirmed","voice vote","July 16, 1862","Lincoln","0",1862-07-16,1862-07-16,FALSE,FALSE,"Miller","AJ (seat 3)",4,"Died in Office",1,"pre 1920","Death","pre 1920"
"David Davis",37,"IL","1815-1886","1862-1877",NA,NA,"Lincoln","Resignation",1815,1886,1862,1877,1877,FALSE,"Campbell","AJ","December 1, 1862","confirmed","voice vote","December 8, 1862","Lincoln","7",1862-12-01,1862-12-08,FALSE,FALSE,"Davis","AJ (seat 8)",9,"Resigned/Retired/Currently Serving",1,"pre 1920","Resignation/Retirement","pre 1920"
"Stephen Johnson Field",38,"CA","1816-1899","1863-1897",NA,NA,"Lincoln","Retirement",1816,1899,1863,1897,1897,FALSE,"Inaugural","AJ","March 6, 1863","confirmed","voice vote","March 10, 1863","Lincoln","4",1863-03-06,1863-03-10,FALSE,FALSE,"Field","AJ (seat 9)",10,"Resigned/Retired/Currently Serving",1,"pre 1920","Resignation/Retirement","pre 1920"
"Salmon P. Chase",39,"OH","1808-1873","1864-1873","1864-1873",NA,"Lincoln","Death",1808,1873,1864,1873,1873,TRUE,"Taney","CJ","December 6, 1864","confirmed","voice vote","December 6, 1864","Lincoln","0",1864-12-06,1864-12-06,TRUE,TRUE,"Chase","Chief Justice",1,"Died in Office",1,"pre 1920","Death","pre 1920"
"Henry Stanbery",NA,NA,NA,NA,NA,NA,NA,NA,NA,NA,NA,NA,NA,NA,"Catron","AJ","April 16, 1866","no action","","","A. Johnson","0",1866-04-16,NA,FALSE,FALSE,"Stanbery","AJ (seat 7)",8,NA,1,NA,NA,"pre 1920"
"Ebenezer R. Hoar",NA,NA,NA,NA,NA,NA,NA,NA,NA,NA,NA,NA,NA,NA,"Inaugural","AJ","December 14, 1869","rejected","24â€“33","February 3, 1870","Grant","51",1869-12-14,1870-02-03,FALSE,FALSE,"Hoar","AJ (seat 10)",11,NA,1,NA,NA,"pre 1920"
"Edwin M. Stanton",NA,NA,NA,NA,NA,NA,NA,NA,NA,NA,NA,NA,NA,NA,"Grier","AJ","December 20, 1869","confirmed","46â€“11","December 20, 1869","Grant","0",1869-12-20,1869-12-20,FALSE,FALSE,"Stanton","AJ (seat 1)",2,NA,1,NA,NA,"pre 1920"
"Joseph P. Bradley",41,"NJ","1813-1892","1870-1892",NA,NA,"Grant","Death",1813,1892,1870,1892,1892,FALSE,"Inaugural","AJ","February 7, 1870","confirmed","46â€“9","March 21, 1870","Grant","42",1870-02-07,1870-03-21,FALSE,FALSE,"Bradley","AJ (seat 10)",11,"Died in Office",1,"pre 1920","Death","pre 1920"
"William Strong",40,"PA","1808-1895","1870-1880",NA,NA,"Grant","Retirement",1808,1895,1870,1880,1880,FALSE,"Grier","AJ","February 7, 1870","confirmed","","February 18, 1870","Grant","11",1870-02-07,1870-02-18,FALSE,FALSE,"Strong","AJ (seat 1)",2,"Resigned/Retired/Currently Serving",1,"pre 1920","Resignation/Retirement","pre 1920"
"Ward Hunt",42,"NY","1810-1886","1873-1882",NA,NA,"Grant","Retirement",1810,1886,1873,1882,1882,FALSE,"Nelson","AJ","December 3, 1872","confirmed","voice vote","December 11, 1872","Grant","8",1872-12-03,1872-12-11,TRUE,TRUE,"Hunt","AJ (seat 4)",5,"Resigned/Retired/Currently Serving",1,"pre 1920","Resignation/Retirement","pre 1920"
"George Henry Williams",NA,NA,NA,NA,NA,NA,NA,NA,NA,NA,NA,NA,NA,NA,"Chase","CJ","December 1, 1873","withdrawn","","January 8, 1874","Grant","38",1873-12-01,1874-01-08,FALSE,FALSE,"Williams","Chief Justice",1,NA,1,NA,NA,"pre 1920"
"Caleb Cushing",NA,NA,NA,NA,NA,NA,NA,NA,NA,NA,NA,NA,NA,NA,"Chase","CJ","January 9, 1874","withdrawn","","January 13, 1874","Grant","4",1874-01-09,1874-01-13,FALSE,FALSE,"Cushing","Chief Justice",1,NA,1,NA,NA,"pre 1920"
"Morrison Waite",43,"OH","1816-1888","1874-1888","1874-1888",NA,"Grant","Death",1816,1888,1874,1888,1888,FALSE,"Chase","CJ","January 19, 1874","confirmed","63â€“0","January 21, 1874","Grant","2",1874-01-19,1874-01-21,FALSE,FALSE,"Waite","Chief Justice",1,"Died in Office",1,"pre 1920","Death","pre 1920"
"John Marshall Harlan",44,"KY","1833-1911","1877-1911",NA,NA,"Hayes","Death",1833,1911,1877,1911,1911,FALSE,"Davis","AJ","October 16, 1877","confirmed","voice vote","November 29, 1877","Hayes","44",1877-10-16,1877-11-29,FALSE,FALSE,"Harlan","AJ (seat 8)",9,"Died in Office",1,"pre 1920","Death","pre 1920"
"William Burnham Woods",45,"AL","1824-1887","1881-1887",NA,NA,"Hayes","Death",1824,1887,1881,1887,1887,FALSE,"Strong","AJ","December 15, 1880","confirmed","39â€“8","December 21, 1880","Hayes","6",1880-12-15,1880-12-21,TRUE,TRUE,"Woods","AJ (seat 1)",2,"Died in Office",1,"pre 1920","Death","pre 1920"
"Stanley Matthews",46,"OH","1824-1889","1881-1889",NA,NA,"Garfield","Death",1824,1889,1881,1889,1889,FALSE,"Swayne","AJ","January 26, 1881","no action","","","Hayes","0",1881-01-26,NA,FALSE,FALSE,"Matthews","AJ (seat 6)",7,"Died in Office",2,"pre 1920","Death","pre 1920"
"Stanley Matthews",46,"OH","1824-1889","1881-1889",NA,NA,"Garfield","Death",1824,1889,1881,1889,1889,FALSE,"Swayne","AJ","March 14, 1881","confirmed","24â€“23","May 12, 1881","Garfield","59",1881-03-14,1881-05-12,FALSE,FALSE,"Matthews","AJ (seat 6)",7,"Died in Office",2,"pre 1920","Death","pre 1920"
"Horace Gray",47,"MA","1828-1902","1882-1902",NA,NA,"Arthur","Death",1828,1902,1882,1902,1902,FALSE,"Clifford","AJ","December 19, 1881","confirmed","51â€“5","December 20, 1881","Arthur","1",1881-12-19,1881-12-20,FALSE,FALSE,"Gray","AJ (seat 2)",3,"Died in Office",1,"pre 1920","Death","pre 1920"
"Roscoe Conkling",NA,NA,NA,NA,NA,NA,NA,NA,NA,NA,NA,NA,NA,NA,"Hunt","AJ","February 24, 1882","declined","39â€“12","March 2, 1882","Arthur","6",1882-02-24,1882-03-02,FALSE,FALSE,"Conkling","AJ (seat 4)",5,NA,1,NA,NA,"pre 1920"
"Samuel Blatchford",48,"NY","1820-1893","1882-1893",NA,NA,"Arthur","Death",1820,1893,1882,1893,1893,FALSE,"Hunt","AJ","March 13, 1882","confirmed","voice vote","March 22, 1882","Arthur","9",1882-03-13,1882-03-22,FALSE,FALSE,"Blatchford","AJ (seat 4)",5,"Died in Office",1,"pre 1920","Death","pre 1920"
"Lucius Quintus Cincinnatus Lamar",49,"MS","1825-1893","1888-1893",NA,NA,"Cleveland","Death",1825,1893,1888,1893,1893,TRUE,"Woods","AJ","December 6, 1887","confirmed","32â€“28","January 16, 1888","Cleveland","41",1887-12-06,1888-01-16,FALSE,TRUE,"Lamar","AJ (seat 1)",2,"Died in Office",1,"pre 1920","Death","pre 1920"
"Melville Fuller",50,"IL","1833-1910","1888-1910","1888-1910",NA,"Cleveland","Death",1833,1910,1888,1910,1910,TRUE,"Waite","CJ","April 30, 1888","confirmed","41â€“20","July 20, 1888","Cleveland","81",1888-04-30,1888-07-20,TRUE,TRUE,"Fuller","Chief Justice",1,"Died in Office",1,"pre 1920","Death","pre 1920"
"David Josiah Brewer",51,"KS","1837-1910","1890-1910",NA,NA,"Harrison, B.","Death",1837,1910,1890,1910,1910,FALSE,"Matthews","AJ","December 4, 1889","confirmed","53â€“11","December 18, 1889","B. Harrison","14",1889-12-04,1889-12-18,FALSE,FALSE,"Brewer","AJ (seat 6)",7,"Died in Office",1,"pre 1920","Death","pre 1920"
"Henry Billings Brown",52,"MI","1836-1913","1891-1906",NA,NA,"Harrison, B.","Retirement",1836,1913,1891,1906,1906,FALSE,"Miller","AJ","December 23, 1890","confirmed","voice vote","December 29, 1890","B. Harrison","6",1890-12-23,1890-12-29,FALSE,FALSE,"Brown","AJ (seat 3)",4,"Resigned/Retired/Currently Serving",1,"pre 1920","Resignation/Retirement","pre 1920"
"George Shiras, Jr.",53,"PA","1832-1924","1892-1903",NA,NA,"Harrison, B.","Retirement",1832,1924,1892,1903,1903,TRUE,"Bradley","AJ","July 19, 1892","confirmed","voice vote","July 26, 1892","B. Harrison","7",1892-07-19,1892-07-26,TRUE,TRUE,"Shiras","AJ (seat 10)",11,"Resigned/Retired/Currently Serving",1,"pre 1920","Resignation/Retirement","pre 1920"
"Howell Edmunds Jackson",54,"TN","1832-1895","1893-1895",NA,NA,"Harrison, B.","Death",1832,1895,1893,1895,1895,FALSE,"Lamar","AJ","February 2, 1893","confirmed","voice vote","February 18, 1893","B. Harrison","16",1893-02-02,1893-02-18,FALSE,FALSE,"Jackson","AJ (seat 1)",2,"Died in Office",1,"pre 1920","Death","pre 1920"
"William Hornblower",NA,NA,NA,NA,NA,NA,NA,NA,NA,NA,NA,NA,NA,NA,"Blatchford","AJ","September 19, 1893","no action","","","Cleveland","0",1893-09-19,NA,FALSE,FALSE,"Hornblower","AJ (seat 4)",5,NA,2,NA,NA,"pre 1920"
"William Hornblower",NA,NA,NA,NA,NA,NA,NA,NA,NA,NA,NA,NA,NA,NA,"Blatchford","AJ","December 5, 1893","rejected","24â€“30","January 15, 1894","Cleveland","41",1893-12-05,1894-01-15,FALSE,FALSE,"Hornblower","AJ (seat 4)",5,NA,2,NA,NA,"pre 1920"
"Wheeler Hazard Peckham",NA,NA,NA,NA,NA,NA,NA,NA,NA,NA,NA,NA,NA,NA,"Blatchford","AJ","January 22, 1894","rejected","32â€“41","February 16, 1894","Cleveland","25",1894-01-22,1894-02-16,FALSE,FALSE,"Peckham","AJ (seat 4)",5,NA,1,NA,NA,"pre 1920"
"Edward Douglass White",55,"LA","1845-1921","1894-1921","1910-1921",NA,"Cleveland(associate)","Resignation",1845,1921,1894,1921,1910,FALSE,"Blatchford","AJ","February 19, 1894","confirmed","voice vote","February 19, 1894","Cleveland","0",1894-02-19,1894-02-19,FALSE,FALSE,"White","AJ (seat 4)",5,"Resigned/Retired/Currently Serving",2,"pre 1920","Resignation/Retirement","pre 1920"
"Rufus Wheeler Peckham",56,"NY","1838-1909","1896-1909",NA,NA,"Cleveland","Death",1838,1909,1896,1909,1909,TRUE,"Jackson","AJ","December 3, 1895","confirmed","voice vote","December 9, 1895","Cleveland","6",1895-12-03,1895-12-09,FALSE,FALSE,"Peckham","AJ (seat 1)",2,"Died in Office",1,"pre 1920","Death","pre 1920"
"Joseph McKenna",57,"CA","1843-1926","1898-1925","1921æ(acting)[n 3]",NA,"McKinley","Retirement",1843,1926,1898,1925,1925,FALSE,"Field","AJ","December 16, 1897","confirmed","voice vote","January 21, 1898","McKinley","36",1897-12-16,1898-01-21,FALSE,FALSE,"McKenna","AJ (seat 9)",10,"Resigned/Retired/Currently Serving",1,"post 1920","Resignation/Retirement","pre 1920"
"Oliver Wendell Holmes, Jr.",58,"MA","1841-1932","1902-1932","1930æ(acting)[n 4]",NA,"Roosevelt, T.","Retirement",1841,1932,1902,1932,1932,FALSE,"Gray","AJ","December 2, 1902","confirmed","voice vote","December 4, 1902","T. Roosevelt","2",1902-12-02,1902-12-04,FALSE,FALSE,"Holmes","AJ (seat 2)",3,"Resigned/Retired/Currently Serving",1,"post 1920","Resignation/Retirement","pre 1920"
"William R. Day",59,"OH","1849-1923","1903-1922",NA,NA,"Roosevelt, T.","Retirement",1849,1923,1903,1922,1922,FALSE,"Shiras","AJ","February 19, 1903","confirmed","voice vote","February 23, 1903","T. Roosevelt","4",1903-02-19,1903-02-23,FALSE,FALSE,"Day","AJ (seat 10)",11,"Resigned/Retired/Currently Serving",1,"post 1920","Resignation/Retirement","pre 1920"
"William Henry Moody",60,"MA","1853-1917","1906-1910",NA,NA,"Roosevelt, T.","Retirement",1853,1917,1906,1910,1910,FALSE,"Brown","AJ","December 3, 1906","confirmed","voice vote","December 12, 1906","T. Roosevelt","9",1906-12-03,1906-12-12,FALSE,FALSE,"Moody","AJ (seat 3)",4,"Resigned/Retired/Currently Serving",1,"pre 1920","Resignation/Retirement","pre 1920"
"Horace Harmon Lurton",61,"TN","1844-1914","1910-1914",NA,NA,"Taft","Death",1844,1914,1910,1914,1914,FALSE,"Peckham","AJ","December 13, 1909","confirmed","voice vote","December 20, 1909","Taft","7",1909-12-13,1909-12-20,FALSE,FALSE,"Lurton","AJ (seat 1)",2,"Died in Office",1,"pre 1920","Death","pre 1920"
"Charles Evans Hughes",62,"NY","1862-1948","1910-1916",NA,NA,"Taft","Resignation",1862,1948,1910,1916,1916,FALSE,"Brewer","AJ","April 25, 1910","confirmed","voice vote","May 2, 1910","Taft","7",1910-04-25,1910-05-02,FALSE,FALSE,"Hughes","AJ (seat 6)",7,"Resigned/Retired/Currently Serving",2,"pre 1920","Resignation/Retirement","pre 1920"
"Edward Douglass White",55,"LA","1845-1921","1894-1921","1910-1921",NA,"Cleveland(associate)","Death",1845,1921,1910,1921,1921,FALSE,"Fuller","CJ","December 12, 1910","confirmed","voice vote","December 12, 1910","Taft","0",1910-12-12,1910-12-12,FALSE,FALSE,"White","Chief Justice",1,"Died in Office",2,"post 1920","Death","pre 1920"
"Joseph Rucker Lamar",64,"GA","1857-1916","1911-1916",NA,NA,"Taft","Death",1857,1916,1911,1916,1916,FALSE,"Moody","AJ","December 12, 1910","confirmed","voice vote","December 15, 1910","Taft","3",1910-12-12,1910-12-15,FALSE,FALSE,"Lamar","AJ (seat 3)",4,"Died in Office",1,"pre 1920","Death","pre 1920"
"Willis Van Devanter",63,"WY","1859-1941","1911-1937",NA,"1937-1941","Taft","Retirement",1859,1941,1911,1937,1937,FALSE,"White","AJ","December 12, 1910","confirmed","voice vote","December 15, 1910","Taft","3",1910-12-12,1910-12-15,FALSE,FALSE,"Van Devanter","AJ (seat 4)",5,"Resigned/Retired/Currently Serving",1,"post 1920","Resignation/Retirement","pre 1920"
"Mahlon Pitney",65,"NJ","1858-1924","1912-1922",NA,NA,"Taft","Resignation",1858,1924,1912,1922,1922,TRUE,"Harlan","AJ","February 19, 1912","confirmed","50â€“26","March 13, 1912","Taft","23",1912-02-19,1912-03-13,TRUE,TRUE,"Pitney","AJ (seat 8)",9,"Resigned/Retired/Currently Serving",1,"post 1920","Resignation/Retirement","pre 1920"
"James Clark McReynolds",66,"TN","1862-1946","1914-1941",NA,"1941-1946","Wilson","Retirement",1862,1946,1914,1941,1941,FALSE,"Lurton","AJ","August 19, 1914","confirmed","44â€“6","August 29, 1914","Wilson","10",1914-08-19,1914-08-29,FALSE,FALSE,"McReynolds","AJ (seat 1)",2,"Resigned/Retired/Currently Serving",1,"post 1920","Resignation/Retirement","pre 1920"
"Louis Brandeis",67,"MA","1856-1941","1916-1939",NA,"1939-1941","Wilson","Retirement",1856,1941,1916,1939,1939,TRUE,"Lamar","AJ","January 28, 1916","confirmed","47â€“22","June 1, 1916","Wilson","125",1916-01-28,1916-06-01,TRUE,TRUE,"Brandeis","AJ (seat 3)",4,"Resigned/Retired/Currently Serving",1,"post 1920","Resignation/Retirement","pre 1920"
"John Hessin Clarke",68,"OH","1857-1945","1916-1922",NA,NA,"Wilson","Resignation",1857,1945,1916,1922,1922,TRUE,"Hughes","AJ","July 14, 1916","confirmed","voice vote","July 24, 1916","Wilson","10",1916-07-14,1916-07-24,TRUE,TRUE,"Clarke","AJ (seat 6)",7,"Resigned/Retired/Currently Serving",1,"post 1920","Resignation/Retirement","pre 1920"
"William Howard Taft",69,"OH","1857-1930","1921-1930","1921-1930",NA,"Harding","Resignation",1857,1930,1921,1930,1930,FALSE,"White","CJ","June 30, 1921","confirmed","voice vote","June 30, 1921","Harding","0",1921-06-30,1921-06-30,FALSE,FALSE,"Taft","Chief Justice",1,"Resigned/Retired/Currently Serving",1,"post 1920","Resignation/Retirement","post 1920"
"George Sutherland",70,"UT","1862-1942","1922-1938",NA,"1938-1942","Harding","Retirement",1862,1942,1922,1938,1938,FALSE,"Clarke","AJ","September 5, 1922","confirmed","voice vote","September 5, 1922","Harding","0",1922-09-05,1922-09-05,FALSE,FALSE,"Sutherland","AJ (seat 6)",7,"Resigned/Retired/Currently Serving",1,"post 1920","Resignation/Retirement","post 1920"
"Pierce Butler",71,"MN","1866-1939","1923-1939",NA,NA,"Harding","Death",1866,1939,1923,1939,1939,FALSE,"Day","AJ","November 21, 1922","no action","","","Harding","0",1922-11-21,NA,FALSE,FALSE,"Butler","AJ (seat 10)",11,"Died in Office",2,"post 1920","Death","post 1920"
"Pierce Butler",71,"MN","1866-1939","1923-1939",NA,NA,"Harding","Death",1866,1939,1923,1939,1939,FALSE,"Day","AJ","December 5, 1922","confirmed","61â€“8","December 21, 1922","Harding","16",1922-12-05,1922-12-21,FALSE,FALSE,"Butler","AJ (seat 10)",11,"Died in Office",2,"post 1920","Death","post 1920"
"Edward Terry Sanford",72,"TN","1865-1930","1923-1930",NA,NA,"Harding","Death",1865,1930,1923,1930,1930,FALSE,"Pitney","AJ","January 24, 1923","confirmed","voice vote","January 29, 1923","Harding","5",1923-01-24,1923-01-29,FALSE,FALSE,"Sanford","AJ (seat 8)",9,"Died in Office",1,"post 1920","Death","post 1920"
"Harlan F. Stone",73,"NY","1872-1946","1925-1946","1941-1946[n 8]",NA,"Coolidgeæ(associate)","Resignation",1872,1946,1925,1946,1941,FALSE,"McKenna","AJ","January 5, 1925","confirmed","71â€“6","February 5, 1925","Coolidge","31",1925-01-05,1925-02-05,FALSE,FALSE,"Stone","AJ (seat 9)",10,"Resigned/Retired/Currently Serving",2,"post 1920","Resignation/Retirement","post 1920"
"Charles Evans Hughes",62,"NY","1862-1948","1930-1941","1930-1941",NA,"Hoover","Retirement",1862,1948,1930,1941,1941,FALSE,"Taft","CJ","February 3, 1930","confirmed","52â€“26","February 13, 1930","Hoover","10",1930-02-03,1930-02-13,FALSE,FALSE,"Hughes","Chief Justice",1,"Resigned/Retired/Currently Serving",2,"post 1920","Resignation/Retirement","post 1920"
"John J. Parker",NA,NA,NA,NA,NA,NA,NA,NA,NA,NA,NA,NA,NA,NA,"Sanford","AJ","March 21, 1930","rejected","39â€“41","May 7, 1930","Hoover","47",1930-03-21,1930-05-07,FALSE,FALSE,"Parker","AJ (seat 8)",9,NA,1,NA,NA,"post 1920"
"Owen Roberts",74,"PA","1875-1955","1930-1945",NA,NA,"Hoover","Resignation",1875,1955,1930,1945,1945,FALSE,"Sanford","AJ","May 9, 1930","confirmed","voice vote","May 20, 1930","Hoover","11",1930-05-09,1930-05-20,FALSE,FALSE,"Roberts","AJ (seat 8)",9,"Resigned/Retired/Currently Serving",1,"post 1920","Resignation/Retirement","post 1920"
"Benjamin N. Cardozo",75,"NY","1870-1938","1932-1938",NA,NA,"Hoover","Death",1870,1938,1932,1938,1938,TRUE,"Holmes","AJ","February 15, 1932","confirmed","voice vote","February 24, 1932","Hoover","9",1932-02-15,1932-02-24,TRUE,TRUE,"Cardozo","AJ (seat 2)",3,"Died in Office",1,"post 1920","Death","post 1920"
"Hugo Black",76,"AL","1886-1971","1937-1971","1946æ(acting)","1971-1971","Roosevelt, F.","Retirement",1886,1971,1937,1971,1971,FALSE,"Van Devanter","AJ","August 12, 1937","confirmed","63â€“16","August 17, 1937","F. Roosevelt","5",1937-08-12,1937-08-17,FALSE,FALSE,"Black","AJ (seat 4)",5,"Resigned/Retired/Currently Serving",1,"post 1920","Resignation/Retirement","post 1920"
"Stanley Forman Reed",77,"KY","1884-1980","1938-1957",NA,"1957-1980","Roosevelt, F.","Retirement",1884,1980,1938,1957,1957,FALSE,"Sutherland","AJ","January 15, 1938","confirmed","voice vote","January 25, 1938","F. Roosevelt","10",1938-01-15,1938-01-25,FALSE,FALSE,"Reed","AJ (seat 6)",7,"Resigned/Retired/Currently Serving",1,"post 1920","Resignation/Retirement","post 1920"
"Felix Frankfurter",78,"MA","1882-1965","1939-1962",NA,"1962-1965","Roosevelt, F.","Retirement",1882,1965,1939,1962,1962,FALSE,"Cardozo","AJ","January 5, 1939","confirmed","voice vote","January 17, 1939","F. Roosevelt","12",1939-01-05,1939-01-17,FALSE,FALSE,"Frankfurter","AJ (seat 2)",3,"Resigned/Retired/Currently Serving",1,"post 1920","Resignation/Retirement","post 1920"
"William O. Douglas",79,"CT","1898-1980","1939-1975",NA,"1975-1980","Roosevelt, F.","Retirement",1898,1980,1939,1975,1975,FALSE,"Brandeis","AJ","March 20, 1939","confirmed","62â€“4","April 4, 1939","F. Roosevelt","15",1939-03-20,1939-04-04,FALSE,FALSE,"Douglas","AJ (seat 3)",4,"Resigned/Retired/Currently Serving",1,"post 1920","Resignation/Retirement","post 1920"
"Frank Murphy",80,"MI","1890-1949","1940-1949",NA,NA,"Roosevelt, F.","Death",1890,1949,1940,1949,1949,TRUE,"Butler","AJ","January 4, 1940","confirmed","voice vote","January 16, 1940","F. Roosevelt","14",1940-01-04,1940-01-16,TRUE,TRUE,"Murphy","AJ (seat 10)",11,"Died in Office",1,"post 1920","Death","post 1920"
"Harlan F. Stone",73,"NY","1872-1946","1925-1946","1941-1946[n 8]",NA,"Coolidgeæ(associate)","Death",1872,1946,1941,1946,1946,FALSE,"Hughes","CJ","June 12, 1941","confirmed","voice vote","June 27, 1941","F. Roosevelt","15",1941-06-12,1941-06-27,FALSE,FALSE,"Stone","Chief Justice",1,"Died in Office",2,"post 1920","Death","post 1920"
"James F. Byrnes",81,"SC","1882-1972","1941-1942",NA,NA,"Roosevelt, F.","Resignation",1882,1972,1941,1942,1942,FALSE,"McReynolds","AJ","June 12, 1941","confirmed","voice vote","June 12, 1941","F. Roosevelt","0",1941-06-12,1941-06-12,FALSE,FALSE,"Byrnes","AJ (seat 1)",2,"Resigned/Retired/Currently Serving",1,"post 1920","Resignation/Retirement","post 1920"
"Robert H. Jackson",82,"NY","1892-1954","1941-1954",NA,NA,"Roosevelt, F.","Death",1892,1954,1941,1954,1954,FALSE,"Stone","AJ","June 12, 1941","confirmed","voice vote","July 7, 1941","F. Roosevelt","25",1941-06-12,1941-07-07,FALSE,FALSE,"Jackson","AJ (seat 9)",10,"Died in Office",1,"post 1920","Death","post 1920"
"Wiley Blount Rutledge",83,"IA","1894-1949","1943-1949",NA,NA,"Roosevelt, F.","Death",1894,1949,1943,1949,1949,FALSE,"Byrnes","AJ","January 11, 1943","confirmed","voice vote","February 8, 1943","F. Roosevelt","28",1943-01-11,1943-02-08,FALSE,FALSE,"Rutledge","AJ (seat 1)",2,"Died in Office",1,"post 1920","Death","post 1920"
"Harold Hitz Burton",84,"OH","1888-1964","1945-1958",NA,"1958-1964","Truman","Retirement",1888,1964,1945,1958,1958,FALSE,"Roberts","AJ","September 19, 1945","confirmed","voice vote","September 19, 1945","Truman","0",1945-09-19,1945-09-19,FALSE,FALSE,"Burton","AJ (seat 8)",9,"Resigned/Retired/Currently Serving",1,"post 1920","Resignation/Retirement","post 1920"
"Fred M. Vinson",85,"KY","1890-1953","1946-1953","1946-1953",NA,"Truman","Death",1890,1953,1946,1953,1953,FALSE,"Stone","CJ","June 6, 1946","confirmed","voice vote","June 20, 1946","Truman","14",1946-06-06,1946-06-20,FALSE,FALSE,"Vinson","Chief Justice",1,"Died in Office",1,"post 1920","Death","post 1920"
"Tom C. Clark",86,"TX","1899-1977","1949-1967",NA,"1967-1977","Truman","Retirement",1899,1977,1949,1967,1967,FALSE,"Murphy","AJ","August 2, 1949","confirmed","73â€“8","August 18, 1949","Truman","16",1949-08-02,1949-08-18,FALSE,FALSE,"Clark","AJ (seat 10)",11,"Resigned/Retired/Currently Serving",1,"post 1920","Resignation/Retirement","post 1920"
"Sherman Minton",87,"IN","1890-1965","1949-1956",NA,"1956-1965","Truman","Retirement",1890,1965,1949,1956,1956,FALSE,"Rutledge","AJ","September 15, 1949","confirmed","48â€“16","October 4, 1949","Truman","19",1949-09-15,1949-10-04,FALSE,FALSE,"Minton","AJ (seat 1)",2,"Resigned/Retired/Currently Serving",1,"post 1920","Resignation/Retirement","post 1920"
"Earl Warren",88,"CA","1891-1974","1953-1969","1953-1969","1969-1974","Eisenhower","Retirement",1891,1974,1953,1969,1969,FALSE,"Vinson","CJ","January 11, 1954","confirmed","voice vote","March 1, 1954","Eisenhower","49",1954-01-11,1954-03-01,FALSE,FALSE,"Warren","Chief Justice",1,"Resigned/Retired/Currently Serving",1,"post 1920","Resignation/Retirement","post 1920"
"John Marshall Harlan II",89,"NY","1899-1971","1955-1971",NA,"1971-1971","Eisenhower","Retirement",1899,1971,1955,1971,1971,FALSE,"Jackson","AJ","November 9, 1954","no action","","","Eisenhower","0",1954-11-09,NA,FALSE,FALSE,"Harlan","AJ (seat 9)",10,"Resigned/Retired/Currently Serving",2,"post 1920","Resignation/Retirement","post 1920"
"John Marshall Harlan II",89,"NY","1899-1971","1955-1971",NA,"1971-1971","Eisenhower","Retirement",1899,1971,1955,1971,1971,FALSE,"Jackson","AJ","January 10, 1955","confirmed","71â€“11","March 16, 1955","Eisenhower","65",1955-01-10,1955-03-16,FALSE,FALSE,"Harlan","AJ (seat 9)",10,"Resigned/Retired/Currently Serving",2,"post 1920","Resignation/Retirement","post 1920"
"William J. Brennan, Jr.",90,"NJ","1906-1997","1956-1990",NA,"1990-1997","Eisenhower","Retirement",1906,1997,1956,1990,1990,TRUE,"Minton","AJ","January 14, 1957","confirmed","voice vote","March 19, 1957","Eisenhower","64",1957-01-14,1957-03-19,FALSE,FALSE,"Brennan","AJ (seat 1)",2,"Resigned/Retired/Currently Serving",1,"post 1920","Resignation/Retirement","post 1920"
"Charles Evans Whittaker",91,"MO","1901-1973","1957-1962",NA,"1962-1965","Eisenhower","Resignation",1901,1973,1957,1962,1962,FALSE,"Reed","AJ","March 2, 1957","confirmed","voice vote","March 19, 1957","Eisenhower","17",1957-03-02,1957-03-19,FALSE,FALSE,"Whittaker","AJ (seat 6)",7,"Resigned/Retired/Currently Serving",1,"post 1920","Resignation/Retirement","post 1920"
"Potter Stewart",92,"OH","1915-1985","1958-1981",NA,"1981-1985","Eisenhower","Retirement",1915,1985,1958,1981,1981,FALSE,"Burton","AJ","January 17, 1959","confirmed","70â€“17","May 5, 1959","Eisenhower","108",1959-01-17,1959-05-05,FALSE,FALSE,"Stewart","AJ (seat 8)",9,"Resigned/Retired/Currently Serving",1,"post 1920","Resignation/Retirement","post 1920"
"Byron White",93,"CO","1917-2002","1962-1993",NA,"1993-2002","Kennedy","Retirement",1917,2002,1962,1993,1993,FALSE,"Whittaker","AJ","April 3, 1962","confirmed","voice vote","April 11, 1962","Kennedy","8",1962-04-03,1962-04-11,FALSE,FALSE,"White","AJ (seat 6)",7,"Resigned/Retired/Currently Serving",1,"post 1920","Resignation/Retirement","post 1920"
"Arthur Goldberg",94,"IL","1908-1990","1962-1965",NA,NA,"Kennedy","Resignation",1908,1990,1962,1965,1965,FALSE,"Frankfurter","AJ","August 31, 1962","confirmed","voice vote","September 25, 1962","Kennedy","25",1962-08-31,1962-09-25,FALSE,FALSE,"Goldberg","AJ (seat 2)",3,"Resigned/Retired/Currently Serving",1,"post 1920","Resignation/Retirement","post 1920"
"Abe Fortas",95,"TN","1910-1982","1965-1969",NA,NA,"Johnson, L.","Resignation",1910,1982,1965,1969,1969,FALSE,"Goldberg","AJ","July 28, 1965","confirmed","voice vote","August 11, 1965","L. Johnson","14",1965-07-28,1965-08-11,FALSE,FALSE,"Fortas","AJ (seat 2)",3,"Resigned/Retired/Currently Serving",2,"post 1920","Resignation/Retirement","post 1920"
"Thurgood Marshall",96,"NY","1908-1993","1967-1991",NA,"1991-1993","Johnson, L.","Retirement",1908,1993,1967,1991,1991,FALSE,"Clark","AJ","June 13, 1967","confirmed","69â€“11","August 30, 1967","L. Johnson","78",1967-06-13,1967-08-30,FALSE,FALSE,"Marshall","AJ (seat 10)",11,"Resigned/Retired/Currently Serving",1,"post 1920","Resignation/Retirement","post 1920"
"Abe Fortas",95,"TN","1910-1982","1965-1969",NA,NA,"Johnson, L.","Resignation",1910,1982,1965,1969,1969,FALSE,"Warren","CJ","June 26, 1968","withdrawn","","October 4, 1968","L. Johnson","100",1968-06-26,1968-10-04,TRUE,TRUE,"Fortas","Chief Justice",1,"Resigned/Retired/Currently Serving",2,"post 1920","Resignation/Retirement","post 1920"
"Homer Thornberry",NA,NA,NA,NA,NA,NA,NA,NA,NA,NA,NA,NA,NA,NA,"Fortas","AJ","June 26, 1968","no action","","","L. Johnson","0",1968-06-26,NA,TRUE,FALSE,"Thornberry","AJ (seat 2)",3,NA,1,NA,NA,"post 1920"
"Warren E. Burger",97,"MN","1907-1995","1969-1986","1969-1986","1986-1995","Nixon","Retirement",1907,1995,1969,1986,1986,FALSE,"Warren","CJ","May 23, 1969","confirmed","74â€“3","June 9, 1969","Nixon","17",1969-05-23,1969-06-09,FALSE,FALSE,"Burger","Chief Justice",1,"Resigned/Retired/Currently Serving",1,"post 1920","Resignation/Retirement","post 1920"
"Clement Haynsworth",NA,NA,NA,NA,NA,NA,NA,NA,NA,NA,NA,NA,NA,NA,"Fortas","AJ","August 21, 1969","rejected","45â€“55","November 21, 1969","Nixon","92",1969-08-21,1969-11-21,FALSE,FALSE,"Haynsworth","AJ (seat 2)",3,NA,1,NA,NA,"post 1920"
"Harold Carswell",NA,NA,NA,NA,NA,NA,NA,NA,NA,NA,NA,NA,NA,NA,"Fortas","AJ","January 19, 1970","rejected","45â€“51","April 8, 1970","Nixon","79",1970-01-19,1970-04-08,FALSE,FALSE,"Carswell","AJ (seat 2)",3,NA,1,NA,NA,"post 1920"
"Harry Blackmun",98,"MN","1908-1999","1970-1994",NA,"1994-1999","Nixon","Retirement",1908,1999,1970,1994,1994,FALSE,"Fortas","AJ","April 15, 1970","confirmed","94â€“0","May 12, 1970","Nixon","27",1970-04-15,1970-05-12,FALSE,FALSE,"Blackmun","AJ (seat 2)",3,"Resigned/Retired/Currently Serving",1,"post 1920","Resignation/Retirement","post 1920"
"Lewis F. Powell, Jr.",99,"VA","1907-1998","1972-1987",NA,"1987-1998","Nixon","Retirement",1907,1998,1972,1987,1987,TRUE,"Black","AJ","October 22, 1971","confirmed","89â€“1","December 6, 1971","Nixon","45",1971-10-22,1971-12-06,FALSE,FALSE,"Powell","AJ (seat 4)",5,"Resigned/Retired/Currently Serving",1,"post 1920","Resignation/Retirement","post 1920"
"William Rehnquist",100,"AZ","1924-2005","1972-2005","1986-2005",NA,"Nixonæ(associate)","Resignation",1924,2005,1972,2005,1986,TRUE,"Harlan","AJ","October 22, 1971","confirmed","68â€“26","December 10, 1971","Nixon","49",1971-10-22,1971-12-10,FALSE,FALSE,"Rehnquist","AJ (seat 9)",10,"Resigned/Retired/Currently Serving",2,"post 1920","Resignation/Retirement","post 1920"
"John Paul Stevens",101,"IL","1920-","1975-2010","2005æ(acting)[n 12]","2010-present","Ford","Retirement",1920,NA,1975,2010,2010,FALSE,"Douglas","AJ","November 28, 1975","confirmed","98â€“0","December 17, 1975","Ford","19",1975-11-28,1975-12-17,FALSE,FALSE,"Stevens","AJ (seat 3)",4,"Resigned/Retired/Currently Serving",1,"post 1920","Resignation/Retirement","post 1920"
"Sandra Day O'Connor",102,"AZ","1930-","1981-2006",NA,"2006-present","Reagan","Retirement",1930,NA,1981,2006,2006,FALSE,"Stewart","AJ","August 19, 1981","confirmed","99â€“0","September 21, 1981","Reagan","33",1981-08-19,1981-09-21,FALSE,FALSE,"O'Connor","AJ (seat 8)",9,"Resigned/Retired/Currently Serving",1,"post 1920","Resignation/Retirement","post 1920"
"William Rehnquist",100,"AZ","1924-2005","1972-2005","1986-2005",NA,"Nixonæ(associate)","Death",1924,2005,1986,2005,2005,TRUE,"Burger","CJ","June 20, 1986","confirmed","65â€“33","September 17, 1986","Reagan","89",1986-06-20,1986-09-17,FALSE,FALSE,"Rehnquist","Chief Justice",1,"Died in Office",2,"post 1920","Death","post 1920"
"Antonin Scalia",103,"VA","1936-2016","1986-2016",NA,NA,"Reagan","Death",1936,2016,1986,2016,2016,FALSE,"Rehnquist","AJ","June 24, 1986","confirmed","98â€“0","September 17, 1986","Reagan","85",1986-06-24,1986-09-17,FALSE,FALSE,"Scalia","AJ (seat 9)",10,"Died in Office",1,"post 1920","Death","post 1920"
"Robert Bork",NA,NA,NA,NA,NA,NA,NA,NA,NA,NA,NA,NA,NA,NA,"Powell","AJ","July 1, 1987","rejected","42â€“58","October 23, 1987","Reagan","114",1987-07-01,1987-10-23,FALSE,FALSE,"Bork","AJ (seat 4)",5,NA,1,NA,NA,"post 1920"
"Anthony Kennedy",104,"CA","1936-","1988-present",NA,NA,"Reagan","Currently serving",1936,NA,1988,NA,2016,TRUE,"Powell","AJ","November 30, 1987","confirmed","97â€“0","February 3, 1988","Reagan","65",1987-11-30,1988-02-03,FALSE,TRUE,"Kennedy","AJ (seat 4)",5,"Resigned/Retired/Currently Serving",1,"post 1920","Resignation/Retirement","post 1920"
"David Souter",105,"NH","1939-","1990-2009",NA,"2009-present","Bush, G. H. W.","Retirement",1939,NA,1990,2009,2009,FALSE,"Brennan","AJ","July 25, 1990","confirmed","90â€“9","October 2, 1990","G. H. W. Bush","69",1990-07-25,1990-10-02,FALSE,FALSE,"Souter","AJ (seat 1)",2,"Resigned/Retired/Currently Serving",1,"post 1920","Resignation/Retirement","post 1920"
"Clarence Thomas",106,"GA","1948-","1991-present",NA,NA,"Bush, G. H. W.","Currently serving",1948,NA,1991,NA,2016,FALSE,"Marshall","AJ","July 8, 1991","confirmed","52â€“48","October 15, 1991","G. H. W. Bush","99",1991-07-08,1991-10-15,FALSE,FALSE,"Thomas","AJ (seat 10)",11,"Resigned/Retired/Currently Serving",1,"post 1920","Resignation/Retirement","post 1920"
"Ruth Bader Ginsburg",107,"NY","1933-","1993-present",NA,NA,"Clinton","Currently serving",1933,NA,1993,NA,2016,FALSE,"White","AJ","June 14, 1993","confirmed","96â€“3","August 3, 1993","Clinton","50",1993-06-14,1993-08-03,FALSE,FALSE,"Ginsburg","AJ (seat 6)",7,"Resigned/Retired/Currently Serving",1,"post 1920","Resignation/Retirement","post 1920"
"Stephen Breyer",108,"MA","1938-","1994-present",NA,NA,"Clinton","Currently serving",1938,NA,1994,NA,2016,FALSE,"Blackmun","AJ","May 17, 1994","confirmed","87â€“9","July 29, 1994","Clinton","73",1994-05-17,1994-07-29,FALSE,FALSE,"Breyer","AJ (seat 2)",3,"Resigned/Retired/Currently Serving",1,"post 1920","Resignation/Retirement","post 1920"
"John G. Roberts",109,"MD","1955-","2005-present","2005-present",NA,"Bush, G. W.","Currently serving",1955,NA,2005,NA,2016,FALSE,"O'Connor","AJ","July 29, 2005","withdrawn","","September 6, 2005","G. W. Bush","39",2005-07-29,2005-09-06,FALSE,FALSE,"Roberts","AJ (seat 8)",9,"Resigned/Retired/Currently Serving",2,"post 1920","Resignation/Retirement","post 1920"
"John G. Roberts",109,"MD","1955-","2005-present","2005-present",NA,"Bush, G. W.","Currently serving",1955,NA,2005,NA,2016,FALSE,"Rehnquist","CJ","September 6, 2005","confirmed","78â€“22","September 29, 2005","G. W. Bush","23",2005-09-06,2005-09-29,FALSE,FALSE,"Roberts","Chief Justice",1,"Resigned/Retired/Currently Serving",2,"post 1920","Resignation/Retirement","post 1920"
"Harriet Miers",NA,NA,NA,NA,NA,NA,NA,NA,NA,NA,NA,NA,NA,NA,"O'Connor","AJ","October 7, 2005","withdrawn","","October 28, 2005","G. W. Bush","21",2005-10-07,2005-10-28,FALSE,FALSE,"Miers","AJ (seat 8)",9,NA,1,NA,NA,"post 1920"
"Samuel Alito",110,"NJ","1950-","2006-present",NA,NA,"Bush, G. W.","Currently serving",1950,NA,2006,NA,2016,FALSE,"O'Connor","AJ","November 10, 2005","confirmed","58â€“42","January 31, 2006","G. W. Bush","82",2005-11-10,2006-01-31,FALSE,FALSE,"Alito","AJ (seat 8)",9,"Resigned/Retired/Currently Serving",1,"post 1920","Resignation/Retirement","post 1920"
"Sonia Sotomayor",111,"NY","1954-","2009-present",NA,NA,"Obama","Currently serving",1954,NA,2009,NA,2016,FALSE,"Souter","AJ","June 1, 2009","confirmed","68â€“31","August 6, 2009","Obama","66",2009-06-01,2009-08-06,FALSE,FALSE,"Sotomayor","AJ (seat 1)",2,"Resigned/Retired/Currently Serving",1,"post 1920","Resignation/Retirement","post 1920"
"Elena Kagan",112,"MA","1960-","2010-present",NA,NA,"Obama","Currently serving",1960,NA,2010,NA,2016,FALSE,"Stevens","AJ","May 10, 2010","confirmed","63 â€“37[1]","August 5, 2010","Obama","87",2010-05-10,2010-08-05,FALSE,FALSE,"Kagan","AJ (seat 3)",4,"Resigned/Retired/Currently Serving",1,"post 1920","Resignation/Retirement","post 1920"
