"Pollster","Region","Obama","Romney","Date","Obama.Romney","isNational"
"Rasmussen Tracking","National",47,46,2012-09-24,1,TRUE
"Gallup Tracking","National",48,45,2012-09-24,3,TRUE
"Rasmussen Tracking","National",47,46,2012-09-23,1,TRUE
"PPP","Colorado",51,45,2012-09-23,6,FALSE
"ARG","Nevada",51,44,2012-09-23,7,FALSE
"ARG","Iowa",51,44,2012-09-23,7,FALSE
"WeAskAmerica","Wisconsin",53,41,2012-09-23,12,FALSE
"PPP","Florida",50,46,2012-09-23,4,FALSE
"Washington Post","Florida",51,47,2012-09-23,4,FALSE
"Washington Post","Ohio",52,44,2012-09-23,8,FALSE
"Monmouth University","New Jersey",52,37,2012-09-23,15,FALSE
"Gallup Tracking","National",48,46,2012-09-23,2,TRUE
"Gravis Marketing","Ohio",45,44,2012-09-22,1,FALSE
"ARG","Florida",50,45,2012-09-22,5,FALSE
"Rasmussen Tracking","National",46,46,2012-09-22,0,TRUE
"Gallup Tracking","National",48,46,2012-09-22,2,TRUE
"Rasmussen Tracking","National",46,46,2012-09-21,0,TRUE
"Gallup Tracking","National",47,47,2012-09-21,0,TRUE
"Rasmussen Reports","Michigan",54,42,2012-09-20,12,FALSE
"Retail Assoc. of Nevada/POS","Nevada",46,46,2012-09-20,0,FALSE
"PPP","Nevada",52,43,2012-09-20,9,FALSE
"Tribune Review/Susquehana","Pennsylvania",47,45,2012-09-20,2,FALSE
"Rasmussen Tracking","National",46,45,2012-09-20,1,TRUE
"Omaha World Herald","Nebraska",40,51,2012-09-20,-11,FALSE
"Politico/GWU/Battleground","National",50,47,2012-09-20,3,TRUE
"Gallup Tracking","National",47,47,2012-09-20,0,TRUE
"Mercyhurst University","Pennsylvania",48,40,2012-09-20,8,FALSE
"Rasmussen Reports","Pennsylvania",51,39,2012-09-19,12,FALSE
"Rasmussen Reports","Iowa",44,47,2012-09-19,-3,FALSE
"Civitas","North Carolina",49,45,2012-09-19,4,FALSE
"PPP","Wisconsin",52,45,2012-09-19,7,FALSE
"Star Tribune/Mason Dixon","Minnesota",48,40,2012-09-19,8,FALSE
"Mason Dixon","Montana",42,51,2012-09-19,-9,FALSE
"Miami Herald/Mason Dixon","Florida",48,47,2012-09-19,1,FALSE
"Rasmussen Tracking","National",47,45,2012-09-19,2,TRUE
"National Journal","National",50,43,2012-09-19,7,TRUE
"Purple Strategies","Ohio",48,44,2012-09-19,4,FALSE
"Purple Strategies","Florida",47,48,2012-09-19,-1,FALSE
"Purple Strategies","Virginia",46,43,2012-09-19,3,FALSE
"Purple Strategies","Colorado",48,45,2012-09-19,3,FALSE
"Purple Strategies","Arizona",45,48,2012-09-19,-3,FALSE
"Purple Strategies","North Carolina",48,46,2012-09-19,2,FALSE
"Gallup Tracking","National",47,47,2012-09-19,0,TRUE
"InsiderAdvantage","Georgia",35,56,2012-09-18,-21,FALSE
"Rasmussen Reports","Nevada",47,45,2012-09-18,2,FALSE
"WeAskAmerica","Florida",49,46,2012-09-18,3,FALSE
"WeAskAmerica","Pennsylvania",48,42,2012-09-18,6,FALSE
"Rasmussen Reports","New Hampshire",45,48,2012-09-18,-3,FALSE
"PPP","Maine",55,39,2012-09-18,16,FALSE
"NBC/WSJ/Marist","Colorado",50,45,2012-09-18,5,FALSE
"NBC/WSJ/Marist","Iowa",50,42,2012-09-18,8,FALSE
"NBC/WSJ/Marist","Wisconsin",50,45,2012-09-18,5,FALSE
"Fox News","Ohio",49,42,2012-09-18,7,FALSE
"Fox News","Florida",49,44,2012-09-18,5,FALSE
"Fox News","Virginia",50,43,2012-09-18,7,FALSE
"Rasmussen Tracking","National",46,47,2012-09-18,-1,TRUE
"CNN/Opinion Research","Nevada",49,46,2012-09-18,3,FALSE
"CNN/Opinion Research","Michigan",52,44,2012-09-18,8,FALSE
"Ohio poll/Univ of Cin","Ohio",51,46,2012-09-18,5,FALSE
"Gallup Tracking","National",47,46,2012-09-18,1,TRUE
"High Point","North Carolina",48,44,2012-09-18,4,FALSE
"Talk Business Poll","Arkansas",35,56,2012-09-17,-21,FALSE
"Rasmussen Reports","Wisconsin",49,46,2012-09-17,3,FALSE
"WeAskAmerica","Virginia",49,46,2012-09-17,3,FALSE
"Rasmussen Reports","Colorado",45,47,2012-09-17,-2,FALSE
"Detroit News","Michigan",52,38,2012-09-17,14,FALSE
"MPRC","Maine",54,37,2012-09-17,17,FALSE
"WBUR/MassINC","Massachusetts",59,31,2012-09-17,28,FALSE
"Rasmussen Tracking","National",45,47,2012-09-17,-2,TRUE
"Reason Rupe","National",52,45,2012-09-17,7,TRUE
"Umass/Boston Herald","Massachusetts",59,36,2012-09-17,23,FALSE
"Assoociated Press/GFK","National",47,46,2012-09-17,1,TRUE
"CBS/NYT/Quinnipiac","Colorado",48,47,2012-09-17,1,FALSE
"CBS/NYT/Quinnipiac","Virginia",50,46,2012-09-17,4,FALSE
"CBS/NYT/Quinnipiac","Wisconsin",51,45,2012-09-17,6,FALSE
"Gallup Tracking","National",47,46,2012-09-17,1,TRUE
"Field","California",58,34,2012-09-17,24,FALSE
"Gravis Marketing","Florida",47,48,2012-09-16,-1,FALSE
"Rasmussen Reports","National",45,47,2012-09-16,-2,TRUE
"Marquette University","Wisconsin",54,40,2012-09-16,14,FALSE
"PPP","Massachusetts",57,39,2012-09-16,18,FALSE
"Monmouth/SurveyUSA/Braun","National",48,45,2012-09-16,3,TRUE
"PPP","Virginia",51,46,2012-09-16,5,FALSE
"Pew Research","National",51,43,2012-09-16,8,TRUE
"NBC News/WSJ","National",50,45,2012-09-16,5,TRUE
"Washington Post","Virginia",52,44,2012-09-16,8,FALSE
"Uconn/Hartford Courant","Connecticut",53,32,2012-09-16,21,FALSE
"Morning Call","Pennsylvania",50,41,2012-09-16,9,FALSE
"Gallup Tracking","National",48,45,2012-09-16,3,TRUE
"PPIC","California",53,39,2012-09-16,14,FALSE
"Rasmussen Reports","National",46,47,2012-09-15,-1,TRUE
"MRG","Michigan",48,42,2012-09-15,6,FALSE
"Gallup Tracking","National",48,45,2012-09-15,3,TRUE
"Rasmussen Reports","National",46,48,2012-09-14,-2,TRUE
"Gallup Tracking","National",49,45,2012-09-14,4,TRUE
"Rasmussen Reports","Virginia",49,48,2012-09-13,1,FALSE
"Rasmussen Reports","North Carolina",45,51,2012-09-13,-6,FALSE
"Courier Journal/SurveyUSA","Kentucky",39,53,2012-09-13,-14,FALSE
"Rasmussen Reports","National",45,48,2012-09-13,-3,TRUE
"SurveyUSA","Oregon",50,41,2012-09-13,9,FALSE
"Gallup Tracking","National",49,44,2012-09-13,5,TRUE
"Baydoun/Foster","Michigan",46,44,2012-09-12,2,FALSE
"Rasmussen Reports","Ohio",47,46,2012-09-12,1,FALSE
"Rasmussen Reports","Florida",48,46,2012-09-12,2,FALSE
"Rasmussen Reports","National",46,47,2012-09-12,-1,TRUE
"Philadelphia Inquirer","Pennsylvania",50,39,2012-09-12,11,FALSE
"Philadelphia Inquirer","New Jersey",51,37,2012-09-12,14,FALSE
"Denver PosSurveyUSA","Colorado",47,46,2012-09-12,1,FALSE
"Elway Poll","Washington",53,36,2012-09-12,17,FALSE
"CBS News/NY Times","National",49,46,2012-09-12,3,TRUE
"Democracy Corps","National",50,45,2012-09-12,5,TRUE
"Fairleigh Dickinson","New Jersey",52,38,2012-09-12,14,FALSE
"Gallup Tracking","National",50,44,2012-09-12,6,TRUE
"Rasmussen Reports","Missouri",45,48,2012-09-11,-3,FALSE
"Project New America/Keating","Colorado",49,44,2012-09-11,5,FALSE
"PPP","Minnesota",51,44,2012-09-11,7,FALSE
"PPP","Montana",45,50,2012-09-11,-5,FALSE
"NBC/WSJ/Marist","Virginia",49,44,2012-09-11,5,FALSE
"NBC/WSJ/Marist","Florida",49,44,2012-09-11,5,FALSE
"NBC/WSJ/Marist","Ohio",50,43,2012-09-11,7,FALSE
"SurveyUSA","California",57,35,2012-09-11,22,FALSE
"Fox News","National",48,43,2012-09-11,5,TRUE
"WPA","Texas",40,55,2012-09-11,-15,FALSE
"EPIC MRA","Michigan",47,37,2012-09-11,10,FALSE
"Rasmussen Tracking","National",46,45,2012-09-11,1,TRUE
"AIF/McLaughlin","Florida",47,50,2012-09-10,-3,FALSE
"Esquire/Yahoo! News","National",50,46,2012-09-10,4,TRUE
"Reuters Ipsos","National",48,45,2012-09-10,3,TRUE
"The Simon Poll/SIU","Illinois",47,34,2012-09-10,13,FALSE
"WMUR/UNH","New Hampshire",45,40,2012-09-10,5,FALSE
"Gallup Tracking","National",50,44,2012-09-10,6,TRUE
"Rasmussen Tracking","National",48,45,2012-09-10,3,TRUE
"Gravis Marketing","Virginia",44,49,2012-09-09,-5,FALSE
"PPP","New Mexico",53,42,2012-09-09,11,FALSE
"SurveyUSA","Florida",48,44,2012-09-09,4,FALSE
"PPP","Arizona",44,53,2012-09-09,-9,FALSE
"ABC News/Wash Post","National",49,48,2012-09-09,1,TRUE
"CNN/Opinion Research","National",52,46,2012-09-09,6,TRUE
"SurveyUSA","Washington",54,38,2012-09-09,16,FALSE
"PPP","Ohio",50,45,2012-09-09,5,FALSE
"PPP","North Carolina",49,48,2012-09-09,1,FALSE
"KSTP/Survey USA","Minnesota",50,40,2012-09-09,10,FALSE
"Quinnipiac","New York",62,34,2012-09-09,28,FALSE
"IBD/CSM/TIPP","National",46,44,2012-09-09,2,TRUE
"Gallup Tracking","National",49,44,2012-09-09,5,TRUE
"Rasmussen Tracking","National",50,45,2012-09-09,5,TRUE
"Gravis Marketing","Ohio",47,43,2012-09-08,4,FALSE
"Gallup Tracking","National",49,44,2012-09-08,5,TRUE
"Rasmussen Tracking","National",49,45,2012-09-08,4,TRUE
"Gallup Tracking","National",49,45,2012-09-07,4,TRUE
"Rasmussen Tracking","National",46,44,2012-09-07,2,TRUE
"SurveyUS/Civitas","North Carolina",43,53,2012-09-06,-10,FALSE
"Albuquerque Journal","New Mexico",45,40,2012-09-06,5,FALSE
"Gallup Tracking","National",48,45,2012-09-06,3,TRUE
"Rasmussen Tracking","National",45,46,2012-09-06,-1,TRUE
"WeAskAmerica","Illinois",54,37,2012-09-05,17,FALSE
"Gallup Tracking","National",47,46,2012-09-05,1,TRUE
"Rasmussen Tracking","National",44,47,2012-09-05,-3,TRUE
"Gallup Tracking","National",47,46,2012-09-04,1,TRUE
"Rasmussen Tracking","National",45,48,2012-09-04,-3,TRUE
"CNN/Opinion Research","National",48,48,2012-09-03,0,TRUE
"Gallup Tracking","National",47,46,2012-09-03,1,TRUE
"Rasmussen Tracking","National",45,47,2012-09-03,-2,TRUE
"Gravis Marketing","Ohio",44,47,2012-09-02,-3,FALSE
"Gravis Marketing","Florida",47,48,2012-09-02,-1,FALSE
"PPP","Michigan",51,44,2012-09-02,7,FALSE
"PPP","Colorado",49,46,2012-09-02,3,FALSE
"PPP","Florida",48,47,2012-09-02,1,FALSE
"PPP","North Carolina",48,48,2012-09-02,0,FALSE
"Quinnipiac","New Jersey",51,44,2012-09-02,7,FALSE
"Gallup Tracking","National",47,46,2012-09-02,1,TRUE
"Rasmussen Tracking","National",44,48,2012-09-02,-4,TRUE
"Rasmussen Tracking","National",44,48,2012-09-01,-4,TRUE
"Gallup Tracking","National",47,46,2012-09-01,1,TRUE
"Rasmussen Tracking","National",44,47,2012-08-31,-3,TRUE
"Gallup Tracking","National",47,46,2012-08-31,1,TRUE
"Rasmussen Tracking","National",44,45,2012-08-30,-1,TRUE
"High Point/SurveyUSA","North Carolina",43,46,2012-08-30,-3,FALSE
"Elon Univ./Charlotte Observer","North Carolina",43,47,2012-08-30,-4,FALSE
"Gallup Tracking","National",47,46,2012-08-30,1,TRUE
"PPP","Missouri",41,53,2012-08-29,-12,FALSE
"Rasmussen Tracking","National",45,45,2012-08-29,0,TRUE
"Gallup Tracking","National",47,46,2012-08-29,1,TRUE
"EPIC MRA","Michigan",49,46,2012-08-28,3,FALSE
"Rasmussen Tracking","National",46,45,2012-08-28,1,TRUE
"Gallup Tracking","National",47,46,2012-08-28,1,TRUE
"Democracy Corps","National",49,47,2012-08-27,2,TRUE
"Rasmussen Tracking","National",47,44,2012-08-26,3,TRUE
"PPP","Nevada",50,47,2012-08-26,3,FALSE
"PPP","Iowa",47,45,2012-08-26,2,FALSE
"CBS News","National",46,45,2012-08-26,1,TRUE
"Quinnipiac","Connecticut",52,45,2012-08-26,7,FALSE
"CNN/Time","Florida",50,46,2012-08-26,4,FALSE
"CNN/Time","North Carolina",47,48,2012-08-26,-1,FALSE
"Gallup Tracking","National",46,47,2012-08-26,-1,TRUE
"Rutgers Eagleton","New Jersey",51,37,2012-08-25,14,FALSE
"Rasmussen Tracking","National",47,45,2012-08-25,2,TRUE
"ABC News/Wash Post","National",46,47,2012-08-25,-1,TRUE
"Gallup Tracking","National",46,46,2012-08-25,0,TRUE
"Columbus Dispatch","Ohio",45,45,2012-08-25,0,FALSE
"Rasmussen Tracking","National",46,45,2012-08-24,1,TRUE
"Gallup Tracking","National",46,46,2012-08-24,0,TRUE
"Mitchell Research","Michigan",47,47,2012-08-23,0,FALSE
"Rasmussen Reports","Virginia",47,47,2012-08-23,0,FALSE
"PPP","Connecticut",53,40,2012-08-23,13,FALSE
"Post Dispatch/Mason Dixon","Missouri",43,50,2012-08-23,-7,FALSE
"CNN/Opinion Research","National",49,47,2012-08-23,2,TRUE
"Philadelphia Inquirer","Pennsylvania",51,42,2012-08-23,9,FALSE
"Rasmussen Tracking","National",45,46,2012-08-23,-1,TRUE
"High Point/SurveyUSA","North Carolina",43,43,2012-08-23,0,FALSE
"Gallup Tracking","National",46,46,2012-08-23,0,TRUE
"Rasmussen Reports","Missouri",47,46,2012-08-22,1,FALSE
"Keating","Colorado",48,44,2012-08-22,4,FALSE
"Morning Call","Pennsylvania",49,40,2012-08-22,9,FALSE
"Rasmussen Tracking","National",45,45,2012-08-22,0,TRUE
"Resurgent Republic","National",46,45,2012-08-22,1,TRUE
"Gallup Tracking","National",46,46,2012-08-22,0,TRUE
"Rasmussen Reports","Connecticut",51,43,2012-08-21,8,FALSE
"Rasmussen Reports","New Mexico",52,38,2012-08-21,14,FALSE
"Fox News","National",44,45,2012-08-21,-1,TRUE
"Rasmussen Tracking","National",44,46,2012-08-21,-2,TRUE
"Ohio poll/Univ of Cin","Ohio",49,46,2012-08-21,3,FALSE
"LVRJ/SurveyUSA","Nevada",47,45,2012-08-21,2,FALSE
"CBS/NYT/Quinnipiac","Florida",49,46,2012-08-21,3,FALSE
"CBS/NYT/Quinnipiac","Ohio",50,44,2012-08-21,6,FALSE
"CBS/NYT/Quinnipiac","Wisconsin",49,47,2012-08-21,2,FALSE
"Gallup Tracking","National",45,47,2012-08-21,-2,TRUE
"Castleton State College","Vermont",62,25,2012-08-21,37,FALSE
"Rasmussen Reports","Montana",38,55,2012-08-20,-17,FALSE
"Detroit News","Michigan",48,42,2012-08-20,6,FALSE
"Rasmussen Tracking","National",44,45,2012-08-20,-1,TRUE
"NBC/Wall St. Jrnl","National",48,44,2012-08-20,4,TRUE
"Assoociated Press/GFK","National",47,46,2012-08-20,1,TRUE
"Gallup Tracking","National",45,47,2012-08-20,-2,TRUE
"Rasmussen Tracking","National",43,44,2012-08-19,-1,TRUE
"Marquette University","Wisconsin",49,46,2012-08-19,3,FALSE
"PPP","Massachusetts",55,39,2012-08-19,16,FALSE
"PPP","Wisconsin",47,48,2012-08-19,-1,FALSE
"Monmouth/SurveyUSA/Braun","National",46,45,2012-08-19,1,TRUE
"Siena","New York",62,33,2012-08-19,29,FALSE
"LA Times/USC","National",48,46,2012-08-19,2,TRUE
"Gallup Tracking","National",45,47,2012-08-19,-2,TRUE
"Gallup Tracking","National",45,47,2012-08-18,-2,TRUE
"Rasmussen Tracking","National",46,44,2012-08-17,2,TRUE
"Gallup Tracking","National",45,47,2012-08-17,-2,TRUE
"Baydoun/Foster","Michigan",44,48,2012-08-16,-4,FALSE
"Rasmussen Tracking","National",46,45,2012-08-16,1,TRUE
"Gallup Tracking","National",45,47,2012-08-16,-2,TRUE
"Rasmussen Reports","Wisconsin",47,48,2012-08-15,-1,FALSE
"Rasmussen Reports","Florida",43,45,2012-08-15,-2,FALSE
"Rasmussen Tracking","National",44,45,2012-08-15,-1,TRUE
"Gallup Tracking","National",45,47,2012-08-15,-2,TRUE
"CNN/Opinion Research","Wisconsin",49,45,2012-08-14,4,FALSE
"Purple Strategies","Ohio",44,46,2012-08-14,-2,FALSE
"Purple Strategies","Florida",47,48,2012-08-14,-1,FALSE
"Purple Strategies","Colorado",49,46,2012-08-14,3,FALSE
"Purple Strategies","Virginia",45,48,2012-08-14,-3,FALSE
"Rasmussen Tracking","National",43,47,2012-08-14,-4,TRUE
"Gallup Tracking","National",45,47,2012-08-14,-2,TRUE
"Gallup Tracking","National",45,47,2012-08-14,-2,TRUE
"Sooner Poll","Oklahoma",29,58,2012-08-14,-29,FALSE
"Rasmussen Reports","Ohio",45,45,2012-08-13,0,FALSE
"Rasmussen Tracking","National",44,47,2012-08-13,-3,TRUE
"Rasmussen Tracking","National",44,47,2012-08-12,-3,TRUE
"PPP","Ohio",48,45,2012-08-12,3,FALSE
"PPP","New Hampshire",51,45,2012-08-12,6,FALSE
"SurveyUSA","Missouri",44,45,2012-08-12,-1,FALSE
"Franklin Marshall","Pennsylvania",47,42,2012-08-12,5,FALSE
"Gallup Tracking","National",46,46,2012-08-12,0,TRUE
"WMUR/UNH","New Hampshire",49,46,2012-08-12,3,FALSE
"Rasmussen Tracking","National",44,46,2012-08-11,-2,TRUE
"Gallup Tracking","National",46,46,2012-08-11,0,TRUE
"Rasmussen Tracking","National",44,46,2012-08-10,-2,TRUE
"Gallup Tracking","National",46,46,2012-08-10,0,TRUE
"IBD/CSM/TIPP","National",46,39,2012-08-10,7,TRUE
"Rasmussen Tracking","National",43,47,2012-08-09,-4,TRUE
"Politico/GWU/Battleground","National",48,47,2012-08-09,1,TRUE
"Gallup Tracking","National",46,46,2012-08-09,0,TRUE
"Rasmussen Reports","Iowa",44,46,2012-08-08,-2,FALSE
"CNN/Opinion Research","National",52,45,2012-08-08,7,TRUE
"Rasmussen Tracking","National",43,47,2012-08-08,-4,TRUE
"Gallup Tracking","National",47,45,2012-08-08,2,TRUE
"Rasmussen Reports","Virginia",48,46,2012-08-07,2,FALSE
"Fox","National",49,40,2012-08-07,9,TRUE
"Rasmussen Tracking","National",45,45,2012-08-07,0,TRUE
"Rasmussen Reports","Colorado",47,47,2012-08-06,0,FALSE
"Rasmussen Tracking","National",46,45,2012-08-06,1,TRUE
"Reuters Ipsos","National",49,42,2012-08-06,7,TRUE
"CBS/NYT/Quinnipiac","Virginia",49,45,2012-08-06,4,FALSE
"CBS/NYT/Quinnipiac","Colorado",45,50,2012-08-06,-5,FALSE
"CBS/NYT/Quinnipiac","Wisconsin",51,45,2012-08-06,6,FALSE
"Gallup Tracking","National",46,46,2012-08-06,0,TRUE
"Rasmussen Tracking","National",47,45,2012-08-05,2,TRUE
"Marquette University","Wisconsin",50,45,2012-08-05,5,FALSE
"PPP","Colorado",49,43,2012-08-05,6,FALSE
"PPP","North Carolina",49,46,2012-08-05,3,FALSE
"Gallup Tracking","National",46,45,2012-08-05,1,TRUE
"Rasmussen Tracking","National",45,47,2012-08-04,-2,TRUE
"Rasmussen Tracking","National",44,46,2012-08-03,-2,TRUE
"Gallup Tracking","National",47,45,2012-08-03,2,TRUE
"Survey USA","Washington",54,37,2012-08-02,17,FALSE
"Rasmussen Tracking","National",43,47,2012-08-02,-4,TRUE
"Gallup Tracking","National",47,45,2012-08-02,2,TRUE
"Rasmussen Reports","North Carolina",44,49,2012-08-01,-5,FALSE
"Rasmussen Reports","Indiana",35,51,2012-08-01,-16,FALSE
"Rasmussen Tracking","National",44,46,2012-08-01,-2,TRUE
"Gallup Tracking","National",47,45,2012-08-01,2,TRUE
"Rasmussen Tracking","National",44,47,2012-07-31,-3,TRUE
"Gallup Tracking","National",47,45,2012-07-31,2,TRUE
"EPIC MRA","Michigan",48,42,2012-07-31,6,FALSE
"Rasmussen Reports","Missouri",44,50,2012-07-30,-6,FALSE
"Rasmussen Tracking","National",44,47,2012-07-30,-3,TRUE
"CBS/NYT/Quinnipiac","Ohio",50,44,2012-07-30,6,FALSE
"CBS/NYT/Quinnipiac","Florida",51,45,2012-07-30,6,FALSE
"CBS/NYT/Quinnipiac","Pennsylvania",53,42,2012-07-30,11,FALSE
"Gallup Tracking","National",47,45,2012-07-30,2,TRUE
"Rasmussen Tracking","National",44,47,2012-07-29,-3,TRUE
"","Connecticut",51,43,2012-07-29,8,FALSE
"PPP","Florida",48,47,2012-07-29,1,FALSE
"Fairleigh Dickinson","New Jersey",49,36,2012-07-29,13,FALSE
"Gallup Tracking","National",46,46,2012-07-29,0,TRUE
"Rasmussen Tracking","National",45,47,2012-07-28,-2,TRUE
"Gallup Tracking","National",46,46,2012-07-28,0,TRUE
"Rasmussen Tracking","National",44,48,2012-07-27,-4,TRUE
"Rasmussen Tracking","National",44,49,2012-07-26,-5,TRUE
"Pew Research","National",51,41,2012-07-26,10,TRUE
"Rasmussen Reports","Wisconsin",49,46,2012-07-25,3,FALSE
"PPP","Arizona",41,52,2012-07-25,-11,FALSE
"Post Dispatch/Mason Dixon","Missouri",42,51,2012-07-25,-9,FALSE
"Rasmussen Tracking","National",44,48,2012-07-25,-4,TRUE
"Democracy Corps","National",50,46,2012-07-25,4,TRUE
"Gallup Tracking","National",44,48,2012-07-25,-4,TRUE
"WeAskAmerica","Ohio",48,40,2012-07-24,8,FALSE
"Rasmussen Reports","Nevada",50,45,2012-07-24,5,FALSE
"WeAskAmerica","Missouri",40,49,2012-07-24,-9,FALSE
"Rasmussen Tracking","National",44,47,2012-07-24,-3,TRUE
"Gallup Tracking","National",45,46,2012-07-24,-1,TRUE
"Mitchell Research","Michigan",44,45,2012-07-23,-1,FALSE
"Rasmussen Reports","Michigan",48,42,2012-07-23,6,FALSE
"PPP","Michigan",53,39,2012-07-23,14,FALSE
"PPP","Pennsylvania",49,43,2012-07-23,6,FALSE
"Rasmussen Tracking","National",44,45,2012-07-23,-1,TRUE
"Quinnipiac","New York",55,32,2012-07-23,23,FALSE
"Gallup Tracking","National",46,45,2012-07-23,1,TRUE
"Rasmussen Tracking","National",43,46,2012-07-22,-3,TRUE
"Monmouth University","New Jersey",50,42,2012-07-22,8,FALSE
"NBC News/Wall St. Jrnl","National",49,43,2012-07-22,6,TRUE
"Gallup Tracking","National",46,45,2012-07-22,1,TRUE
"Rasmussen Tracking","National",44,46,2012-07-21,-2,TRUE
"Gallup Tracking","National",46,45,2012-07-21,1,TRUE
"Rasmussen Tracking","National",46,46,2012-07-20,0,TRUE
"Gallup Tracking","National",48,44,2012-07-20,4,TRUE
"KSTP/Survey USA","Minnesota",46,40,2012-07-19,6,FALSE
"Survey USA","Florida",48,43,2012-07-19,5,FALSE
"Rasmussen Tracking","National",47,46,2012-07-19,1,TRUE
"Gallup Tracking","National",48,44,2012-07-19,4,TRUE
"Rasmussen Reports","Pennsylvania",48,44,2012-07-18,4,FALSE
"Rasmussen Reports","Ohio",47,45,2012-07-18,2,FALSE
"WeAskAmerica","Nevada",49,43,2012-07-18,6,FALSE
"WeAskAmerica","Wisconsin",49,42,2012-07-18,7,FALSE
"Civitas","North-Carolina",48,49,2012-07-18,-1,FALSE
"Survey USA","Washington",46,37,2012-07-18,9,FALSE
"Rasmussen Tracking","National",46,47,2012-07-18,-1,TRUE
"Gallup Tracking","National",46,46,2012-07-18,0,TRUE
"AFP/Magellan","Nevada",50,46,2012-07-17,4,FALSE
"Rasmussen Reports","Virginia",47,46,2012-07-17,1,FALSE
"Fox","National",45,41,2012-07-17,4,TRUE
"Rasmussen Tracking","National",46,47,2012-07-17,-1,TRUE
"Gallup Tracking","National",47,45,2012-07-17,2,TRUE
"Rasmussen Tracking","National",44,47,2012-07-16,-3,TRUE
"PPP","New-Mexico",49,44,2012-07-16,5,FALSE
"CBS News   New York Times","National",46,47,2012-07-16,-1,TRUE
"Quinnipiac","Virginia",44,44,2012-07-16,0,FALSE
"Gallup Tracking","National",47,45,2012-07-16,2,TRUE
"Rasmussen Tracking","National",44,46,2012-07-15,-2,TRUE
"PPP","Iowa",48,43,2012-07-15,5,FALSE
"Siena","New-York",61,34,2012-07-15,27,FALSE
"Quinnipiac","New-Jersey",49,38,2012-07-15,11,FALSE
"Gallup Tracking","National",47,45,2012-07-15,2,TRUE
"WMUR/UNH","New-Hampshire",49,45,2012-07-15,4,FALSE
"Rasmussen Tracking","National",45,45,2012-07-14,0,TRUE
"Gallup Tracking","National",47,45,2012-07-14,2,TRUE
"Rasmussen Tracking","National",46,45,2012-07-13,1,TRUE
"Purple Strategies","Ohio",48,45,2012-07-13,3,FALSE
"Purple Strategies","Florida",45,48,2012-07-13,-3,FALSE
"Purple Strategies","Virginia",46,44,2012-07-13,2,FALSE
"Purple Strategies","Colorado",45,44,2012-07-13,1,FALSE
"Gallup Tracking","National",46,46,2012-07-13,0,TRUE
"Rasmussen Tracking","National",46,45,2012-07-12,1,TRUE
"NPR","National",47,45,2012-07-12,2,TRUE
"Gallup Tracking","National",46,46,2012-07-12,0,TRUE
"Rasmussen Reports","North-Dakota",36,51,2012-07-11,-15,FALSE
"McClatchy Marist","National",48,46,2012-07-11,2,TRUE
"Mason Dixon","Florida",46,45,2012-07-11,1,FALSE
"Rasmussen Reports","National",45,46,2012-07-11,-1,TRUE
"Gallup Tracking","National",47,44,2012-07-11,3,TRUE
"WeAskAmerica","Pennsylvania",47,40,2012-07-10,7,FALSE
"WeAskAmerica","New-Mexico",51,40,2012-07-10,11,FALSE
"Rasmussen Reports","National",45,46,2012-07-10,-1,TRUE
"Gallup Tracking","National",45,47,2012-07-10,-2,TRUE
"Rasmussen Reports","Florida",45,46,2012-07-09,-1,FALSE
"Rasmussen Reports","National",44,47,2012-07-09,-3,TRUE
"Reuters Ipsos","National",49,43,2012-07-09,6,TRUE
"Gallup Tracking","National",46,46,2012-07-09,0,TRUE
"Pew Research","National",50,43,2012-07-09,7,TRUE
"Wash Times/JZ Analytics","National",42,43,2012-07-08,-1,TRUE
"Rasmussen Reports","National",45,46,2012-07-08,-1,TRUE
"Marquette University","Wisconsin",51,43,2012-07-08,8,FALSE
"PPP","Wisconsin",50,44,2012-07-08,6,FALSE
"ABC Wash Post","National",47,47,2012-07-08,0,TRUE
"PPP","Virginia",50,42,2012-07-08,8,FALSE
"PPP","North-Carolina",47,46,2012-07-08,1,FALSE
"Project New America/myers","North-Carolina",48,49,2012-07-08,-1,FALSE
"Quinnipiac","National",46,43,2012-07-08,3,TRUE
"Gallup Tracking","National",47,45,2012-07-08,2,TRUE
"Rasmussen Reports","National",45,45,2012-07-07,0,TRUE
"Gallup Tracking","National",47,45,2012-07-07,2,TRUE
"Rasmussen Reports","National",45,45,2012-07-06,0,TRUE
"Gallup Tracking","National",47,45,2012-07-06,2,TRUE
"Rasmussen Reports","National",44,46,2012-07-05,-2,TRUE
"Gallup Tracking","National",48,44,2012-07-05,4,TRUE
"Gallup Tracking","National",48,44,2012-07-03,4,TRUE
"Gallup Tracking","National",48,44,2012-07-02,4,TRUE
"WeAskAmerica","Florida",46,45,2012-07-02,1,FALSE
"Rasmussen Reports","National",44,47,2012-07-02,-3,TRUE
"Field","California",55,37,2012-07-02,18,FALSE
"Civitas","North-Carolina",45,50,2012-07-01,-5,FALSE
"Rasmussen Reports","National",44,46,2012-07-01,-2,TRUE
"CNN/Opinion Research","National",49,46,2012-07-01,3,TRUE
"Gallup Tracking","National",48,43,2012-07-01,5,TRUE
"Rasmussen Reports","National",45,45,2012-06-30,0,TRUE
"Gallup Tracking","National",47,44,2012-06-30,3,TRUE
"Rasmussen Reports","National",46,44,2012-06-29,2,TRUE
"Gallup Tracking","National",47,44,2012-06-29,3,TRUE
"Newsweek/Daily Beast","National",47,44,2012-06-28,3,TRUE
"Rasmussen Reports","National",45,44,2012-06-28,1,TRUE
"Gallup Tracking","National",48,43,2012-06-28,5,TRUE
"Rasmussen Reports","National",45,45,2012-06-27,0,TRUE
"Democracy Corps Poll","National",49,46,2012-06-27,3,TRUE
"Gallup Tracking","National",47,44,2012-06-27,3,TRUE
"Rasmussen Reports","Arizona",41,54,2012-06-26,-13,FALSE
"Fox","National",45,40,2012-06-26,5,TRUE
"Rasmussen Reports","National",45,46,2012-06-26,-1,TRUE
"Gallup Tracking","National",46,44,2012-06-26,2,TRUE
"Rasmussen Reports","North-Carolina",44,47,2012-06-25,-3,FALSE
"WeAskAmerica","Virginia",43,48,2012-06-25,-5,FALSE
"WeAskAmerica","Colorado",47,43,2012-06-25,4,FALSE
"NBC News/Marist","New-Hampshire",45,45,2012-06-25,0,FALSE
"NBC News/Marist","Michigan",47,43,2012-06-25,4,FALSE
"NBC News/Marist","North-Carolina",46,44,2012-06-25,2,FALSE
"Rasmussen Reports","National",45,47,2012-06-25,-2,TRUE
"Critical Insights","Maine",49,35,2012-06-25,14,FALSE
"Quinnipiac","Florida",45,41,2012-06-25,4,FALSE
"Quinnipiac","Ohio",47,38,2012-06-25,9,FALSE
"Quinnipiac","Pennsylvania",45,39,2012-06-25,6,FALSE
"Gallup Tracking","National",45,46,2012-06-25,-1,TRUE
"PPP","Massachusetts",55,39,2012-06-24,16,FALSE
"Rasmussen Reports","National",45,47,2012-06-24,-2,TRUE
"PPP","Ohio",47,44,2012-06-24,3,FALSE
"NBC News/Wall St. Jrnl","National",47,44,2012-06-24,3,TRUE
"Gallup Tracking","National",45,46,2012-06-24,-1,TRUE
"Rasmussen Reports","National",43,48,2012-06-23,-5,TRUE
"Gallup Tracking","National",46,45,2012-06-23,1,TRUE
"Rasmussen Reports","National",43,48,2012-06-22,-5,TRUE
"Gallup Tracking","National",46,46,2012-06-22,0,TRUE
"Rasmussen Reports","National",43,48,2012-06-21,-5,TRUE
"Desert News/KSL","Utah",26,68,2012-06-21,-42,FALSE
"Gallup Tracking","National",45,46,2012-06-21,-1,TRUE
"Rasmussen Reports","New Hampshire",48,43,2012-06-20,5,FALSE
"Rasmussen Reports","National",43,47,2012-06-20,-4,TRUE
"Gallup Tracking","National",45,47,2012-06-20,-2,TRUE
"Rasmussen Reports","National",45,47,2012-06-19,-2,TRUE
"Gallup Tracking","National",45,47,2012-06-19,-2,TRUE
"Mitchell Research","Michigan",47,46,2012-06-18,1,FALSE
"Rasmussen Reports","Montana",42,51,2012-06-18,-9,FALSE
"WeAskAmerica","Michigan",43,45,2012-06-18,-2,FALSE
"WeAskAmerica","Iowa",45,44,2012-06-18,1,FALSE
"Rasmussen Reports","National",44,48,2012-06-18,-4,TRUE
"Bloomberg","National",53,40,2012-06-18,13,TRUE
"Assoociated Press/GFK","National",47,44,2012-06-18,3,TRUE
"Quinnipiac","Florida",46,42,2012-06-18,4,FALSE
"Gallup Tracking","National",45,46,2012-06-18,-1,TRUE
"Rasmussen Reports","National",44,47,2012-06-17,-3,TRUE
"PPP","Washington",54,41,2012-06-17,13,FALSE
"PPP","Colorado",49,42,2012-06-17,7,FALSE
"Gallup Tracking","National",46,46,2012-06-17,0,TRUE
"Pew Research","National",50,46,2012-06-17,4,TRUE
"Gallup Tracking","National",45,46,2012-06-16,-1,TRUE
"Marquette University","Wisconsin",49,43,2012-06-16,6,FALSE
"Elway Poll","Washington",49,41,2012-06-16,8,FALSE
"Rasmussen Reports","National",44,47,2012-06-16,-3,TRUE
"Rasmussen Reports","National",45,47,2012-06-15,-2,TRUE
"Gallup Tracking","National",45,46,2012-06-15,-1,TRUE
"Rasmussen Reports","Michigan",50,42,2012-06-14,8,FALSE
"WBUR/MassINC","Maine",48,34,2012-06-14,14,FALSE
"Rasmussen Reports","National",45,47,2012-06-14,-2,TRUE
"Gallup Tracking","National",45,46,2012-06-14,-1,TRUE
"Rasmussen Reports","National",44,48,2012-06-13,-4,TRUE
"Gallup Tracking","National",46,45,2012-06-13,1,TRUE
"Baydoun/Foster","Michigan",56,33,2012-06-12,23,FALSE
"Gallup Tracking","National",46,45,2012-06-12,1,TRUE
"Rasmussen","National",44,48,2012-06-12,-4,TRUE
"Rasmussen Reports","Wisconsin",44,47,2012-06-12,-3,FALSE
"Rasmussen Reports","Iowa",46,47,2012-06-11,-1,FALSE
"Rasmussen","National",45,46,2012-06-11,-1,TRUE
"Reuters Ipsos","National",45,44,2012-06-11,1,TRUE
"Gallup Tracking","National",46,45,2012-06-11,1,TRUE
"Rasmussen","National",44,47,2012-06-10,-3,TRUE
"PPP","Nevada",48,42,2012-06-10,6,FALSE
"PPP","North-Carolina",46,48,2012-06-10,-2,FALSE
"Quinnipiac","Pennsylvania",46,40,2012-06-10,6,FALSE
"Gallup Tracking","National",45,46,2012-06-10,-1,TRUE
"Rasmussen","National",45,46,2012-06-09,-1,TRUE
"Gallup Tracking","National",45,46,2012-06-09,-1,TRUE
"Rasmussen","National",45,46,2012-06-08,-1,TRUE
"Gallup Tracking","National",46,45,2012-06-08,1,TRUE
"IBD CSM TIPP","National",46,42,2012-06-08,4,TRUE
"Rasmussen Reports","Missouri",42,49,2012-06-07,-7,FALSE
"Rasmussen","National",47,45,2012-06-07,2,TRUE
"Gallup Tracking","National",46,45,2012-06-07,1,TRUE
"Rasmussen","Colorado",45,45,2012-06-06,0,FALSE
"WeAskAmerica","Wisconsin",48,43,2012-06-06,5,FALSE
"Mason Dixon","North-Dakota",39,52,2012-06-06,-13,FALSE
"Monmouth/SurveyUSA/Braun","National",47,46,2012-06-06,1,TRUE
"Rasmussen","National",46,46,2012-06-06,0,TRUE
"Rasmussen","National",46,46,2012-06-06,0,TRUE
"Siena","New-York",59,35,2012-06-06,24,FALSE
"Gallup Tracking","National",45,47,2012-06-06,-2,TRUE
"Project New America/PPP","Arizona",46,49,2012-06-05,-3,FALSE
"Fox","National",43,43,2012-06-05,0,TRUE
"Rasmussen","National",46,46,2012-06-05,0,TRUE
"EPIC MRA","Michigan",45,46,2012-06-05,-1,FALSE
"Purple Strategies","Ohio",45,48,2012-06-05,-3,FALSE
"Purple Strategies","Virginia",49,46,2012-06-05,3,FALSE
"Purple Strategies","Florida",49,45,2012-06-05,4,FALSE
"Purple Strategies","Colorado",48,46,2012-06-05,2,FALSE
"Gallup Tracking","National",46,45,2012-06-05,1,TRUE
"Rasmussen","National",45,46,2012-06-04,-1,TRUE
"Rutgers Eagleton","New-Jersey",47,46,2012-06-04,1,FALSE
"Quinnipiac","Virginia",47,42,2012-06-04,5,FALSE
"Quinnipiac","Virginia",47,42,2012-06-04,5,FALSE
"Franklin Marshall","Pennsylvania",48,36,2012-06-04,12,FALSE
"Gallup Tracking","National",46,45,2012-06-04,1,TRUE
"Rasmussen","Virginia",47,47,2012-06-03,0,FALSE
"Rasmussen","National",44,47,2012-06-03,-3,TRUE
"PPP","Florida",46,50,2012-06-03,-4,FALSE
"PPP","Minnesota",54,39,2012-06-03,15,FALSE
"Quinnipiac","Connecticut",50,38,2012-06-03,12,FALSE
"Gallup Tracking","National",46,45,2012-06-03,1,TRUE
"Rasmussen","National",44,48,2012-06-02,-4,TRUE
"Gallup Tracking","National",47,45,2012-06-02,2,TRUE
"Rasmussen","National",44,48,2012-06-01,-4,TRUE
"Gallup Tracking","National",46,45,2012-06-01,1,TRUE
"Western NE University","Massachusetts",56,34,2012-05-31,22,FALSE
"CNN/Opinion Research","National",49,46,2012-05-31,3,TRUE
"Rasmussen","National",45,46,2012-05-31,-1,TRUE
"Boston Globe","Massachusetts",46,34,2012-05-31,12,FALSE
"Gallup Tracking","National",45,46,2012-05-31,-1,TRUE
"Rasmussen","National",45,46,2012-05-30,-1,TRUE
"Gallup Tracking","National",47,44,2012-05-30,3,TRUE
"Rasmussen","Ohio",44,46,2012-05-29,-2,FALSE
"Survey USA","California",57,36,2012-05-29,21,FALSE
"Rasmussen","National",45,45,2012-05-29,0,TRUE
"Gallup Tracking","National",46,46,2012-05-29,0,TRUE
"Field","California",48,32,2012-05-29,16,FALSE
"Rasmussen","National",46,45,2012-05-28,1,TRUE
"Quinnipiac","New-York",56,31,2012-05-28,25,FALSE
"Rasmussen","National",44,45,2012-05-27,-1,TRUE
"PPP","Missouri",45,44,2012-05-27,1,FALSE
"PPP","Michigan",53,39,2012-05-27,14,FALSE
"Gallup Tracking","National",47,45,2012-05-27,2,TRUE
"Rasmussen","National",45,45,2012-05-26,0,TRUE
"Marquette University","Wisconsin",51,43,2012-05-26,8,FALSE
"Gallup Tracking","National",47,45,2012-05-26,2,TRUE
"Rasmussen","National",44,45,2012-05-25,-1,TRUE
"Gallup Tracking","National",47,45,2012-05-25,2,TRUE
"NBC News/Marist","Nevada",48,46,2012-05-24,2,FALSE
"NBC News/Marist","Colorado",46,45,2012-05-24,1,FALSE
"NBC News/Marist","Iowa",44,44,2012-05-24,0,FALSE
"Rasmussen","National",44,45,2012-05-24,-1,TRUE
"Project New America/Keating","Colorado",48,44,2012-05-24,4,FALSE
"Gallup Tracking","National",47,46,2012-05-24,1,TRUE
"Rasmussen","National",45,44,2012-05-23,1,TRUE
"Gallup Tracking","National",47,46,2012-05-23,1,TRUE
"InsiderAdvantage","Georgia",40,52,2012-05-22,-12,FALSE
"Suffolk/7News","Massachusetts",59,34,2012-05-22,25,FALSE
"Rasmussen","National",46,45,2012-05-22,1,TRUE
"WPR/St.Norbert","Wisconsin",49,43,2012-05-22,6,FALSE
"Gallup Tracking","National",46,46,2012-05-22,0,TRUE
"Rasmussen","Pennsylvania",47,41,2012-05-21,6,FALSE
"Rasmussen","National",46,44,2012-05-21,2,TRUE
"Survey USA","North-Carolina",44,45,2012-05-21,-1,FALSE
"LA Times/USC","California",56,37,2012-05-21,19,FALSE
"Quinnipiac","Florida",41,47,2012-05-21,-6,FALSE
"Gallup Tracking","National",46,46,2012-05-21,0,TRUE
"Civitas ","North-Carolina",45,47,2012-05-20,-2,FALSE
"Rasmussen","National",47,44,2012-05-20,3,TRUE
"NBC News/Marist","Ohio",48,42,2012-05-20,6,FALSE
"NBC News/Marist","Florida",48,44,2012-05-20,4,FALSE
"NBC News/Marist","Virginia",48,44,2012-05-20,4,FALSE
"PPP","Pennsylvania",50,42,2012-05-20,8,FALSE
"ABC Wash Post","National",49,46,2012-05-20,3,TRUE
"NBC/WSJ","National",47,43,2012-05-20,4,TRUE
"PPIC","California",50,39,2012-05-20,11,FALSE
"Gallup Tracking","National",46,46,2012-05-20,0,TRUE
"Rasmussen","National",46,44,2012-05-19,2,TRUE
"Gallup Tracking","National",45,46,2012-05-19,-1,TRUE
"Rasmussen","National",46,45,2012-05-18,1,TRUE
"Gallup Tracking","National",44,47,2012-05-18,-3,TRUE
"Rasmussen","National",44,46,2012-05-17,-2,TRUE
"Gallup Tracking","National",45,46,2012-05-17,-1,TRUE
"Rasmussen","Nebraska",39,53,2012-05-16,-14,FALSE
"Rasmussen","National",45,46,2012-05-16,-1,TRUE
"Gallup Tracking","National",45,45,2012-05-16,0,TRUE
"IBD CSM TIPP","National",43,40,2012-05-16,3,TRUE
"Castleton State College","Vermont",59,28,2012-05-16,31,FALSE
"Fox","National",46,39,2012-05-15,7,TRUE
"Rasmussen","National",46,47,2012-05-15,-1,TRUE
"Gallup Tracking","National",45,45,2012-05-15,0,TRUE
"Rasmussen","North-Carolina",43,51,2012-05-14,-8,FALSE
"Rasmussen","National",45,47,2012-05-14,-2,TRUE
"Mason Dixon","National",44,47,2012-05-14,-3,TRUE
"Quinnipiac","New-Jersey",49,39,2012-05-14,10,FALSE
"Gallup Tracking","National",46,45,2012-05-14,1,TRUE
"Daily Kos/PPP","Wisconsin",47,46,2012-05-13,1,FALSE
"CBS News   New York Times","National",43,46,2012-05-13,-3,TRUE
"PPP","North-Carolina",48,47,2012-05-13,1,FALSE
"PPP","New-Hampshire",53,41,2012-05-13,12,FALSE
"Gallup Tracking","National",46,45,2012-05-13,1,TRUE
"Wash Times/JZ Analytics","National",43,44,2012-05-12,-1,TRUE
"Rasmussen","National",44,48,2012-05-12,-4,TRUE
"Marquette University","Wisconsin",46,46,2012-05-12,0,FALSE
"Gallup Tracking","National",46,45,2012-05-12,1,TRUE
"Glengariff Group ","Michigan",45,40,2012-05-11,5,FALSE
"Rasmussen","National",42,50,2012-05-11,-8,TRUE
"Gallup Tracking","National",46,45,2012-05-11,1,TRUE
"Landmark/Rosetta Stone","Georgia",40,51,2012-05-10,-11,FALSE
"Survey USA","Minnesota",52,38,2012-05-10,14,FALSE
"Rasmussen","National",43,50,2012-05-10,-7,TRUE
"Sooner Poll","Oklahoma",27,62,2012-05-10,-35,FALSE
"Survey USA","Oregon",47,43,2012-05-10,4,FALSE
"Siena ","New-York",57,37,2012-05-10,20,FALSE
"Gallup Tracking","National",45,46,2012-05-10,-1,TRUE
"Rasmussen","Wisconsin",49,45,2012-05-09,4,FALSE
"Survey USA","Washington",50,36,2012-05-09,14,FALSE
"Rasmussen","National",45,49,2012-05-09,-4,TRUE
"Gallup Tracking","National",44,47,2012-05-09,-3,TRUE
"Tennessean/Vanderbilt","Tennessee",40,47,2012-05-09,-7,FALSE
"Suffolk/7News","Florida",46,45,2012-05-08,1,FALSE
"Rasmussen","National",44,49,2012-05-08,-5,TRUE
"Gallup Tracking","National",44,47,2012-05-08,-3,TRUE
"Rasmussen","Massachusetts",56,35,2012-05-07,21,FALSE
"Rasmussen","National",44,49,2012-05-07,-5,TRUE
"Assoociated Press/GFK","National",50,42,2012-05-07,8,TRUE
"Reuters Ipsos","National",49,42,2012-05-07,7,TRUE
"Critical Insights","Maine",50,42,2012-05-07,8,FALSE
"Quinnipiac","Ohio",45,44,2012-05-07,1,FALSE
"Gallup Tracking","National",44,47,2012-05-07,-3,TRUE
"Rasmussen","National",45,47,2012-05-06,-2,TRUE
"PPP","Iowa",51,41,2012-05-06,10,FALSE
"PPP","Ohio",50,43,2012-05-06,7,FALSE
"Rasmussen","National",46,47,2012-05-05,-1,TRUE
"Gallup Tracking","National",45,46,2012-05-05,-1,TRUE
"Rasmussen","National",47,46,2012-05-04,1,TRUE
"Gallup Tracking","National",46,45,2012-05-04,1,TRUE
"IBD CSM TIPP","National",46,43,2012-05-04,3,TRUE
"Rasmussen","National",47,45,2012-05-03,2,TRUE
"Politico GWU Battleground","National",47,48,2012-05-03,-1,TRUE
"Gallup Tracking","National",45,45,2012-05-03,0,TRUE
"Rasmussen","Montana",44,51,2012-05-02,-7,FALSE
"Magellan","Arizona",43,52,2012-05-02,-9,FALSE
"Washinton Post","Virginia",51,44,2012-05-02,7,FALSE
"Rasmussen","National",47,45,2012-05-01,2,TRUE
"Rasmussen","National",47,44,2012-05-01,3,TRUE
"Democracy Corps Poll","National",47,47,2012-05-01,0,TRUE
"Gallup Tracking","National",45,46,2012-05-01,-1,TRUE
"Quinnipiac","Ohio",44,42,2012-05-01,2,FALSE
"Quinnipiac","Florida",43,44,2012-05-01,-1,FALSE
"Quinnipiac","Pennsylvania",47,39,2012-05-01,8,FALSE
"Rasmussen","Nevada",52,44,2012-04-30,8,FALSE
"Rasmussen","National",46,46,2012-04-30,0,TRUE
"Survey USA","North-Carolina",47,43,2012-04-30,4,FALSE
"Gallup Tracking","National",46,46,2012-04-30,0,TRUE
"Rasmussen","National",45,47,2012-04-29,-2,TRUE
"Marquette University","Wisconsin",51,42,2012-04-29,9,FALSE
"PPP","Montana",43,48,2012-04-29,-5,FALSE
"PPP","Virginia",51,43,2012-04-29,8,FALSE
"Gallup Tracking","National",46,47,2012-04-29,-1,TRUE
"Gallup Tracking","National",47,46,2012-04-28,1,TRUE
"Rasmussen","National",47,45,2012-04-27,2,TRUE
"Gallup Tracking","National",48,45,2012-04-27,3,TRUE
"Rasmussen","National",47,46,2012-04-26,1,TRUE
"Gallup Tracking","National",47,46,2012-04-26,1,TRUE
"Rasmussen","Florida",45,46,2012-04-25,-1,FALSE
"Rasmussen","National",45,48,2012-04-25,-3,TRUE
"Fox","National",46,46,2012-04-24,0,TRUE
"Rasmussen","National",44,49,2012-04-24,-5,TRUE
"Gallup Tracking","National",49,43,2012-04-24,6,TRUE
"Rasmussen","Virginia",44,45,2012-04-23,-1,FALSE
"Rasmussen","National",44,48,2012-04-23,-4,TRUE
"Gallup Tracking","National",49,42,2012-04-23,7,TRUE
"Rasmussen","National",44,47,2012-04-22,-3,TRUE
"PPP","New Mexico",54,40,2012-04-22,14,FALSE
"PPP","Texas",43,50,2012-04-22,-7,FALSE
"National Journal","National",47,39,2012-04-22,8,TRUE
"Gallup Tracking","National",47,44,2012-04-22,3,TRUE
"Rasmussen","National",45,46,2012-04-21,-1,TRUE
"Gallup Tracking","National",47,44,2012-04-21,3,TRUE
"Gallup Tracking","National",45,46,2012-04-20,-1,TRUE
"Arizona State","Arizona",40,42,2012-04-20,-2,FALSE
"WMUR/UNH","New Hampshire",51,42,2012-04-20,9,FALSE
"Rasmussen","National",45,46,2012-04-19,-1,TRUE
"Gallup Tracking","National",44,47,2012-04-19,-3,TRUE
"Rasmussen","Ohio",46,42,2012-04-18,4,FALSE
"Rasmussen","National",45,46,2012-04-18,-1,TRUE
"Gallup Tracking","National",43,48,2012-04-18,-5,TRUE
"Rasmussen","Missouri",45,48,2012-04-17,-3,FALSE
"Fox","Florida",45,43,2012-04-17,2,FALSE
"Fox","Ohio",45,39,2012-04-17,6,FALSE
"Rasmussen 4/15/2012","National",43,47,2012-04-17,-4,TRUE
"NBC/WSJ","National",49,43,2012-04-17,6,TRUE
"Gallup Tracking","National",44,48,2012-04-17,-4,TRUE
"CBS News   New York Times","National",46,46,2012-04-17,0,TRUE
"Quinnipiac","National",46,42,2012-04-17,4,TRUE
"Behavior Research Center","Arizona",42,40,2012-04-17,2,FALSE
"Gallup Tracking","National",43,48,2012-04-16,-5,TRUE
"Rasmussen","National",44,47,2012-04-15,-3,TRUE
"CNN ORC","National",52,43,2012-04-15,9,TRUE
"Rasmussen","National",44,47,2012-04-15,-3,TRUE
"PPP","Florida",50,45,2012-04-15,5,FALSE
"Reuters Ipsos","National",47,43,2012-04-15,4,TRUE
"Gallup Tracking","National",45,47,2012-04-15,-2,TRUE
"Pew Research","National",49,45,2012-04-15,4,TRUE
"Rasmussen","National",43,48,2012-04-13,-5,TRUE
"Marist","New York",57,35,2012-04-12,22,FALSE
"Fox","National",44,46,2012-04-11,-2,TRUE
"Rasmussen","National",44,48,2012-04-11,-4,TRUE
"Rasmussen","National",43,44,2012-04-11,-1,TRUE
"Rasmussen","National",45,45,2012-04-11,0,TRUE
"Rasmussen","North-Carolina",44,46,2012-04-10,-2,FALSE
"Rasmussen","National",45,45,2012-04-10,0,TRUE
"Rasmussen","Massachusetts",51,40,2012-04-09,11,FALSE
"Rasmussen","National",45,45,2012-04-09,0,TRUE
"Quinnipiac","New Jersey",49,40,2012-04-09,9,FALSE
"ABC Wash Post","National",51,44,2012-04-08,7,TRUE
"PPP","Colorado",53,40,2012-04-07,13,FALSE
"PPP","North-Carolina",49,44,2012-04-07,5,FALSE
"Rasmussen","National",46,44,2012-04-06,2,TRUE
"Rasmussen","National",47,44,2012-04-06,3,TRUE
"Rasmussen","National",46,46,2012-04-05,0,TRUE
"Dartmouth","New Hampshire",42,44,2012-04-05,-2,FALSE
"Roanoke College","Virginia",41,46,2012-04-05,-5,FALSE
"Rasmussen","National",45,47,2012-04-04,-2,TRUE
"Siena ","New York",60,35,2012-04-04,25,FALSE
"Rasmussen","New Mexico",52,36,2012-04-03,16,FALSE
"Rasmussen","National",44,47,2012-04-03,-3,TRUE
"EPIC MRA","Michigan",47,43,2012-04-03,4,FALSE
"Rasmussen","National",44,45,2012-04-02,-1,TRUE
"Quinnipiac","New York",56,33,2012-04-02,23,FALSE
"Rasmussen Tracking","National",45,45,2012-04-01,0,TRUE
"PPP","Nevada",51,43,2012-04-01,8,FALSE
"Rasmussen Reports","Wisconsin",52,41,2012-03-27,11,FALSE
"Howey/DePauw","Indiana",40,49,2012-03-27,-9,FALSE
"NBC Marist","Wisconsin",52,35,2012-03-27,17,FALSE
"Rasmussen Tracking","National",45,44,2012-03-27,1,TRUE
"Rasmussen Reports","Ohio",48,40,2012-03-26,8,FALSE
"USA Today / Gallup","National",49,45,2012-03-26,4,TRUE
"Quinnipiac","Florida",49,42,2012-03-26,7,FALSE
"Quinnipiac","Ohio",47,41,2012-03-26,6,FALSE
"Quinnipiac","Pennsylvania",45,42,2012-03-26,3,FALSE
"CNN ORC","National",54,43,2012-03-25,11,TRUE
"Marquette University","Wisconsin",48,43,2012-03-25,5,FALSE
"McClatchy Marist","National",46,44,2012-03-22,2,TRUE
"Rasmussen","National",47,44,2012-03-20,3,TRUE
"Rasmussen","Nevada",50,44,2012-03-19,6,FALSE
"Rasmussen Tracking","National",46,45,2012-03-19,1,TRUE
"Quinnipiac","Virginia",50,42,2012-03-18,8,FALSE
"Rasmussen Reports","Missouri",41,50,2012-03-15,-9,FALSE
"Rasmussen Reports","Florida",46,43,2012-03-13,3,FALSE
"Rasmussen Reports","Arizona",40,51,2012-03-13,-11,FALSE
"Rasmussen Tracking","National",44,46,2012-03-13,-2,TRUE
"FOX","National",46,42,2012-03-12,4,TRUE
"Rasmussen Tracking","National",45,45,2012-03-12,0,TRUE
"Quinnipiac","Pennsylvania",46,40,2012-03-12,6,FALSE
"Rasmussen Tracking","National",43,46,2012-03-11,-3,TRUE
"Bloomberg","National",47,47,2012-03-11,0,TRUE
"Reuters Ipsos","National",52,41,2012-03-11,11,TRUE
"PPP","North-Carolina",49,46,2012-03-11,3,FALSE
"PPP","Pennsylvania",49,42,2012-03-11,7,FALSE
"Pew Research","National",54,42,2012-03-11,12,TRUE
"CBS NYT","National",47,44,2012-03-11,3,TRUE
"IBD CSM TIPP","National",46,41,2012-03-11,5,TRUE
"Rasmussen Tracking","National",42,48,2012-03-10,-6,TRUE
"ABC Wash Post","National",47,49,2012-03-10,-2,TRUE
"Rasmussen Tracking","National",43,48,2012-03-09,-5,TRUE
"Rasmussen Tracking","National",49,42,2012-03-06,7,TRUE
"YouGov","National",49,41,2012-03-06,8,TRUE
"Rasmussen Tracking","National",48,42,2012-03-05,6,TRUE
"Rasmussen Tracking","National",45,43,2012-03-04,2,TRUE
"Rasmussen Tracking","National",47,43,2012-03-03,4,TRUE
"NBC WSJ","National",50,44,2012-03-03,6,TRUE
"NBC Marist","Ohio",50,38,2012-03-02,12,FALSE
"NBC Marist","Virginia",52,35,2012-03-02,17,FALSE
"Rasmussen Tracking","National",46,43,2012-02-29,3,TRUE
"Rasmussen Tracking","National",44,45,2012-02-28,-1,TRUE
"Rasmussen Reports","Wisconsin",47,42,2012-02-27,5,FALSE
"Rasmussen Tracking","National",44,44,2012-02-27,0,TRUE
"PPP","Wisconsin",53,39,2012-02-26,14,FALSE
"Survey USA","Georgia",42,49,2012-02-26,-7,FALSE
"Roanoke College","Virginia",42,43,2012-02-26,-1,FALSE
"Rasmussen Tracking","National",45,43,2012-02-25,2,TRUE
"Rasmussen Tracking","National",48,41,2012-02-23,7,TRUE
"Rasmussen","Pennsylvania",45,44,2012-02-23,1,FALSE
"Rasmussen Tracking","National",49,39,2012-02-22,10,TRUE
"Politico GWU Battleground","National",53,43,2012-02-22,10,TRUE
"Rasmussen Reports","Virginia",49,43,2012-02-21,6,FALSE
"Rasmussen Reports","Virginia",51,43,2012-02-21,8,FALSE
"USA Today / Gallup","National",47,47,2012-02-21,0,TRUE
"YouGov","National",49,41,2012-02-21,8,TRUE
"Morning Call","Pennsylvania",48,37,2012-02-21,11,FALSE
"NBC Marist","Michigan",51,33,2012-02-20,18,FALSE
"NBC Marist","Arizona",40,45,2012-02-20,-5,FALSE
"Rasmussen Tracking","National",45,43,2012-02-20,2,TRUE
"AP","National",51,43,2012-02-20,8,TRUE
"Franklin Marshall","Pennsylvania",41,33,2012-02-20,8,FALSE
"Quinnipiac","National",46,44,2012-02-20,2,TRUE
"Rasmussen Tracking","National",46,42,2012-02-19,4,TRUE
"Marquette University","Wisconsin",53,38,2012-02-19,15,FALSE
"USA Today Gallup","National",46,50,2012-02-19,-4,TRUE
"Rasmussen Tracking","National",47,43,2012-02-15,4,TRUE
"Des Moines Register","Iowa",44,46,2012-02-15,-2,FALSE
"Rasmussen","National",47,43,2012-02-14,4,TRUE
"Ramussen","National",49,42,2012-02-13,7,TRUE
"CNN","National",51,46,2012-02-13,5,TRUE
"CBS News   New York Times","National",48,42,2012-02-13,6,TRUE
"PPP","Michigan",54,38,2012-02-12,16,FALSE
"Rasmussen Reports","National",48,42,2012-02-12,6,TRUE
"PPP","National",49,42,2012-02-12,7,TRUE
"Pew Research","National",52,44,2012-02-12,8,TRUE
"Quinnipiac","Ohio",46,44,2012-02-12,2,FALSE
"Rasmussen","Florida",47,44,2012-02-09,3,FALSE
"FOX","National",47,42,2012-02-09,5,TRUE
"Rasmussen","Ohio",45,41,2012-02-08,4,FALSE
"Rasmussen Reports","National",48,42,2012-02-06,6,TRUE
"Susquehanna","Pennsylvania",43,45,2012-02-06,-2,FALSE
"Reuters Ipsos","National",48,42,2012-02-06,6,TRUE
"Quinnipiac","Virginia",47,43,2012-02-06,4,FALSE
"PPP","North-Carolina",47,46,2012-02-05,1,FALSE
"Rasmussen Reports","National",49,42,2012-02-05,7,TRUE
"Rasmussen Reports","National",47,43,2012-02-04,4,TRUE
"ABC Wash Post","National",51,45,2012-02-04,6,TRUE
"Survey USA","Georgia",43,51,2012-02-02,-8,FALSE
"Rasmussen","National",45,45,2012-02-02,0,TRUE
"WMUR UNH","New Hampshire",50,40,2012-02-02,10,FALSE
"Rasmussen Reports","National",46,45,2012-02-01,1,TRUE
"Siena College Poll","New-York",63,31,2012-02-01,32,FALSE
"Rasmussen","National",47,43,2012-01-31,4,TRUE
"YouGov","National",49,40,2012-01-31,9,TRUE
"Rasmussen","National",47,42,2012-01-30,5,TRUE
"PPP","Ohio",49,42,2012-01-29,7,FALSE
"PPP","Missouri",45,45,2012-01-29,0,FALSE
"Rasmussen Reports","National",47,41,2012-01-29,6,TRUE
"USA Today Gallup","National",48,48,2012-01-28,0,TRUE
"Rasmussen","National",45,43,2012-01-28,2,TRUE
"NBC Marist","Florida",49,41,2012-01-27,8,FALSE
"Rasmussen","National",46,42,2012-01-27,4,TRUE
"Miami Herald","Florida",44,48,2012-01-26,-4,FALSE
"Rasmussen","National",45,42,2012-01-26,3,TRUE
"Purple Strategies","Florida",44,46,2012-01-26,-2,FALSE
"Rasmussen Reports","National",46,43,2012-01-25,3,TRUE
"EPIC MRA","Michigan",48,40,2012-01-25,8,FALSE
"NBC WSJ","National",49,43,2012-01-24,6,TRUE
"Suffolk","Florida",42,47,2012-01-24,-5,FALSE
"YouGov","National",47,41,2012-01-24,6,TRUE
"Rasmussen Reports","National",46,43,2012-01-23,3,TRUE
"Quinnipiac","Florida",45,45,2012-01-23,0,FALSE
"PPP","Minnesota",51,41,2012-01-22,10,FALSE
"Rasmussen Reports","National",45,43,2012-01-22,2,TRUE
"Marquette Law School Poll","Wisconsin",48,40,2012-01-22,8,FALSE
"Franklin Marshall","Pennsylvania",41,30,2012-01-22,11,FALSE
"Rasmussen","National",44,44,2012-01-21,0,TRUE
"NY1 Marist","New-York",58,35,2012-01-19,23,FALSE
"Mason Dixon","Virginia",45,44,2012-01-18,1,FALSE
"Poll Position","National",41,42,2012-01-17,-1,TRUE
"YouGov","National",48,44,2012-01-17,4,TRUE
"CBS","National",45,45,2012-01-16,0,TRUE
"Pew Research Center","National",44,32,2012-01-16,12,TRUE
"Pew Research Center","National",50,45,2012-01-16,5,TRUE
"Quinnipiac","New-Jersey",48,38,2012-01-16,10,FALSE
"Quinnipiac","Ohio",44,42,2012-01-16,2,FALSE
"PPP","Texas",42,49,2012-01-15,-7,FALSE
"PPP","Texas",39,47,2012-01-15,-8,FALSE
"PPP","Texas",38,40,2012-01-15,-2,FALSE
"PPP","National",49,44,2012-01-15,5,TRUE
"ABC","National",46,48,2012-01-15,-2,TRUE
"FOX","National",46,45,2012-01-14,1,TRUE
"FOX","National",42,35,2012-01-14,7,TRUE
"CNN","National",47,48,2012-01-12,-1,TRUE
"Tarrance Group","Florida",46,45,2012-01-12,1,FALSE
"Civitas","North-Carolina",39,48,2012-01-11,-9,FALSE
"Democracy Corps Poll","National",47,46,2012-01-11,1,TRUE
"Public Opinion Strategies for American Crossroads","Montana",36,53,2012-01-10,-17,FALSE
"Public Opinion Strategies","Montana",36,53,2012-01-10,-17,FALSE
"Rasmussen Reports","National",44,41,2012-01-10,3,TRUE
"Economist   YouGov","National",45,43,2012-01-10,2,TRUE
"GS Strategy Group","Wisconsin",43,44,2012-01-09,-1,FALSE
"Behavior Research Center","Arizona",37,43,2012-01-09,-6,FALSE
"Reuters Ipsos","National",48,43,2012-01-09,5,TRUE
"GS Strategy Group","Ohio",40,47,2012-01-08,-7,FALSE
"PPP","North-Carolina",46,45,2012-01-08,1,FALSE
"Quinnipiac","Florida",43,46,2012-01-08,-3,FALSE
"CBS","National",45,47,2012-01-08,-2,TRUE
"GS Strategy Group","Florida",42,47,2012-01-04,-5,FALSE
"Rasmussen Reports","National",42,42,2012-01-04,0,TRUE
"GS Strategy Group","Nevada",38,49,2012-01-03,-11,FALSE
"GS Strategy Group","New-Mexico",45,45,2012-01-03,0,FALSE
"GS Strategy Group","Virginia",44,47,2012-01-03,-3,FALSE
"YouGov","National",49,40,2012-01-03,9,TRUE
"Rasmussen Reports","National",39,45,2011-12-28,-6,TRUE
"Rasmussen Reports","National",44,41,2011-12-21,3,TRUE
"Economist YouGov","National",47,40,2011-12-20,7,TRUE
"Las Vegas Review Journal","Nevada",46,40,2011-12-20,6,FALSE
"Quinnipiac","Virginia",42,44,2011-12-19,-2,FALSE
"CNN ORC","National",52,45,2011-12-18,7,TRUE
"PPP","National",45,47,2011-12-18,-2,TRUE
"Rutgers Eagleton","New-Jersey",51,32,2011-12-18,19,FALSE
"USA Today Gallup","National",50,48,2011-12-18,2,TRUE
"ABC Washington Post","National",47,47,2011-12-18,0,TRUE
"Purple Strategies","Iowa",46,39,2011-12-16,7,FALSE
"Purple Strategies","New-Hampshire",45,48,2011-12-16,-3,FALSE
"Purple Strategies","New-Hampshire",49,41,2011-12-16,8,FALSE
"Rasmussen Reports","National",42,43,2011-12-15,-1,TRUE
"Mason Dixon","Georgia",38,55,2011-12-14,-17,FALSE
"PPP","Virginia",48,42,2011-12-13,6,FALSE
"PPP","New-Mexico",53,38,2011-12-12,15,FALSE
"AP GFK","National",47,46,2011-12-12,1,TRUE
"Reuters Ipsos","National",48,40,2011-12-12,8,TRUE
"NBC","National",47,45,2011-12-11,2,TRUE
"Rasmussen Reports","National",42,45,2011-12-09,-3,TRUE
"Nielson Brothers Polling","South-Dakota",29,48,2011-12-09,-19,FALSE
"USA Today Gallup","National",47,46,2011-12-07,1,TRUE
"Survey USA","Georgia",42,49,2011-12-07,-7,FALSE
"FOX","National",44,42,2011-12-07,2,TRUE
"NBC Marist","Florida",48,41,2011-12-07,7,FALSE
"Morning Call","Pennsylvania",45,41,2011-12-07,4,FALSE
"NBC Marist","South-Carolina",45,42,2011-12-06,3,FALSE
"Fairleigh Dickinson University","National",46,42,2011-12-05,4,TRUE
"Quinnipiac","Florida",42,45,2011-12-05,-3,FALSE
"Quinnipiac","Ohio",42,43,2011-12-05,-1,FALSE
"Quinnipiac","Pennsylvania",46,43,2011-12-05,3,FALSE
"PPP","Colorado",47,45,2011-12-04,2,FALSE
"PPP","North-Carolina",46,46,2011-12-04,0,FALSE
"PPP","Colorado",47,45,2011-12-04,2,FALSE
"Rasmussen Reports","National",42,40,2011-12-01,2,TRUE
"PPP","Florida",45,44,2011-12-01,1,FALSE
"NBC","New-Hampshire",43,46,2011-11-30,-3,FALSE
"PPP","Montana",40,50,2011-11-30,-10,FALSE
"NBC","New-Hamsphire",43,46,2011-11-30,-3,FALSE
"NBC","Iowa",46,39,2011-11-29,7,FALSE
"Field Poll","California",50,40,2011-11-27,10,FALSE
"Survey USA","Washington",49,41,2011-11-23,8,FALSE
"Rasmussen Reports","National",44,38,2011-11-22,6,TRUE
"PPP","Arizona",42,49,2011-11-20,-7,FALSE
"PPP","Pennsylvania",45,45,2011-11-20,0,FALSE
"WMUR UNH","New-Hampshire",44,47,2011-11-20,-3,FALSE
"Quinnipiac","National",45,44,2011-11-20,1,TRUE
"Rasmussen Reports","Florida",42,46,2011-11-17,-4,FALSE
"EPIC MRA","Michigan",41,46,2011-11-16,-5,FALSE
"Mellman Group","North-Dakota",33,47,2011-11-16,-14,FALSE
"FOX","National",42,44,2011-11-15,-2,TRUE
"Quinnipiac","New-Jersey",49,40,2011-11-14,9,FALSE
"Pew Research Center","National",49,47,2011-11-14,2,TRUE
"CNN","National",47,51,2011-11-13,-4,TRUE
"PPP","National",46,43,2011-11-13,3,TRUE
"Siena College Poll","New-York",59,34,2011-11-13,25,FALSE
"Survey USA","Kansas",31,56,2011-11-11,-25,FALSE
"Bloomberg","New-Hampshire",40,50,2011-11-11,-10,FALSE
"Survey USA","California",50,39,2011-11-10,11,FALSE
"SurveyUSA","Pennsylvania",44,44,2011-11-10,0,FALSE
"Rasmussen Reports","National",43,42,2011-11-10,1,TRUE
"McClatchy Marist","National",48,44,2011-11-10,4,TRUE
"Rasmussen Reports","Missouri",42,45,2011-11-09,-3,FALSE
"Politico","National",49,43,2011-11-09,6,TRUE
"LA Times","California",52,35,2011-11-09,17,FALSE
"Quinnipiac","Florida",42,45,2011-11-07,-3,FALSE
"Quinnipiac","Ohio",45,42,2011-11-07,3,FALSE
"Quinnipiac","Pennsylvania",44,43,2011-11-07,1,FALSE
"PPP","Ohio",50,41,2011-11-06,9,FALSE
"Survey USA","Minnesota",45,39,2011-11-06,6,FALSE
"SurveyUSA","Minnesota",45,39,2011-11-06,6,FALSE
"NBC","National",49,43,2011-11-05,6,TRUE
"ABC","National",46,47,2011-11-03,-1,TRUE
"Reuters","National",43,44,2011-11-03,-1,TRUE
"Rasmussen Reports","National",42,41,2011-11-02,1,TRUE
"PPP","North-Carolina",45,46,2011-10-31,-1,FALSE
"Quinnipiac","National",47,42,2011-10-31,5,TRUE
"Franklin Marshall","Pennsylvania",35,26,2011-10-30,9,FALSE
"Washington Poll","Washington",50,41,2011-10-30,9,FALSE
"USA Today","National",47,47,2011-10-27,0,TRUE
"NY1 Marist","New-York",59,35,2011-10-27,24,FALSE
"Rasmussen Reports","Wisconsin",45,41,2011-10-26,4,FALSE
"WPRI","Wisconsin",46,35,2011-10-26,11,FALSE
"St. Cloud State University","Minnesota",45,39,2011-10-26,6,FALSE
"Rasmussen Reports","National",42,44,2011-10-25,-2,TRUE
"Behavior Research Center","Arizona",45,40,2011-10-24,5,FALSE
"PPP","Wisconsin",46,43,2011-10-23,3,FALSE
"PPP","Nevada",46,46,2011-10-23,0,FALSE
"Critical Insights","Maine",41,40,2011-10-23,1,FALSE
"Quinnipiac","Ohio",45,41,2011-10-23,4,FALSE
"Democracy Corps Poll","National",45,45,2011-10-18,0,TRUE
"Rasmussen","National",43,42,2011-10-17,1,TRUE
"AP","National",48,45,2011-10-17,3,TRUE
"PPP","Ohio",46,46,2011-10-16,0,FALSE
"Paul Simon Public Policy Institute","Illinois",46,39,2011-10-16,7,FALSE
"SurveyUSA","Michigan",50,39,2011-10-14,11,FALSE
"Middle Tennessee State University","Tennessee",29,44,2011-10-14,-15,FALSE
"NBC","South-Carolina",40,46,2011-10-13,-6,FALSE
"Siena College Poll","New-York",55,37,2011-10-12,18,FALSE
"NBC","Florida",45,43,2011-10-12,2,FALSE
"Time","National",48,44,2011-10-10,4,TRUE
"PPP","National",45,45,2011-10-10,0,TRUE
"PPP","Iowa",46,42,2011-10-10,4,FALSE
"NBC","National",46,44,2011-10-10,2,TRUE
"Rasmussen","National",43,41,2011-10-09,2,TRUE
"Quinnipiac","Virginia",44,45,2011-10-09,-1,FALSE
"CNU","Virginia",42,46,2011-10-08,-4,FALSE
"Mason Dixon","New-Hampshire",41,52,2011-10-06,-11,FALSE
"WMUR","New-Hampshire",42,50,2011-10-06,-8,FALSE
"NBC","Iowa",43,40,2011-10-05,3,FALSE
"NBC","New-Hampshire",40,49,2011-10-05,-9,FALSE
"Pew","National",48,48,2011-10-04,0,TRUE
"PPP","North-Carolina",46,45,2011-10-03,1,FALSE
"Quinnipiac","National",42,46,2011-10-03,-4,TRUE
"ABC","National",46,48,2011-10-02,-2,TRUE
"Rasmussen Reports","National",42,44,2011-09-29,-2,TRUE
"Umass Lowell","Massachusetts",57,33,2011-09-28,24,FALSE
"FOX","National",45,42,2011-09-27,3,TRUE
"Gonzales Research and Marketing Strategies","Maryland",50,38,2011-09-27,12,FALSE
"Quinnipiac","Pennsylvania",45,43,2011-09-26,2,FALSE
"CNN","National",49,48,2011-09-25,1,TRUE
"PPP","Connecticut",47,45,2011-09-25,2,FALSE
"PPP","Florida",46,45,2011-09-25,1,FALSE
"Quinnipiac","Ohio",44,42,2011-09-25,2,FALSE
"Siena College Poll","New-York",56,36,2011-09-21,20,FALSE
"Rasmussen","National",44,41,2011-09-19,3,TRUE
"Inside Michigan Politics","Michigan",44,44,2011-09-19,0,FALSE
"Inside Michigan Politics","Michigan",50,39,2011-09-19,11,FALSE
"Quinnipiac","Florida",40,47,2011-09-19,-7,FALSE
"Harris Interactive","National",47,53,2011-09-19,-6,TRUE
"PPP","Texas",41,47,2011-09-18,-6,FALSE
"USA Today","National",47,49,2011-09-18,-2,TRUE
"Roanoke College","Virginia",37,45,2011-09-17,-8,FALSE
"McClatchy Marist","National",46,44,2011-09-14,2,TRUE
"Magellan Strategies","Pennsylvania",50,40,2011-09-14,10,FALSE
"Strategies 360","Washington",49,40,2011-09-14,9,FALSE
"Quinnipiac University","Connecticut",49,36,2011-09-13,13,FALSE
"Bloomberg","National",48,43,2011-09-12,5,TRUE
"PPP","Missouri",43,47,2011-09-12,-4,FALSE
"Reuters","National",49,43,2011-09-12,6,TRUE
"Quinnipiac University","Virginia",42,44,2011-09-12,-2,FALSE
"Field","California",51,38,2011-09-12,13,FALSE
"Rasmussen","National",40,43,2011-09-11,-3,TRUE
"PPP","National",49,45,2011-09-11,4,TRUE
"Magellan Strategies","North-Carolina",45,43,2011-09-08,2,FALSE
"PPP","West-Virginia",37,49,2011-09-04,-12,FALSE
"PPP","North-Carolina",45,44,2011-09-04,1,FALSE
"ABC","National",45,49,2011-09-01,-4,TRUE
"NBC","National",46,45,2011-08-31,1,TRUE
"Franklin Marshall","Pennsylvania",36,30,2011-08-29,6,FALSE
"LA Times","California",54,35,2011-08-28,19,FALSE
"Quinnipiac University","National",45,45,2011-08-27,0,TRUE
"Rasmussen Reports","National",43,39,2011-08-26,4,TRUE
"Capital Survey Research Center","Alabama",34,56,2011-08-25,-22,FALSE
"Sachs Mason Dixon","Florida",43,51,2011-08-22,-8,FALSE
"PPP","Iowa",49,39,2011-08-21,10,FALSE
"PPP","National",45,45,2011-08-21,0,TRUE
"Gallup","National",46,48,2011-08-18,-2,TRUE
"Magellan Strategies","Florida",39,49,2011-08-18,-10,FALSE
"EPIC","Michigan",43,45,2011-08-16,-2,FALSE
"PPP","Wisconsin",47,42,2011-08-14,5,FALSE
"PPP","Ohio",45,43,2011-08-14,2,FALSE
"Democracy Corps Poll","National",48,46,2011-08-10,2,TRUE
"AIF McLaughlin","Florida",44,45,2011-08-09,-1,FALSE
"CNN","National",49,48,2011-08-07,1,TRUE
"PPP","North-Carolina",46,43,2011-08-07,3,FALSE
"PPP","Colorado",48,41,2011-08-07,7,FALSE
"McClatchy Marist","National",46,41,2011-08-04,5,TRUE
"Quinnipiac University","Florida",45,43,2011-08-02,2,FALSE
"PPP","Vermont",54,34,2011-07-31,20,FALSE
"PPP","Nevada",47,46,2011-07-31,1,FALSE
"Quinnipiac University","Pennsylvania",42,44,2011-07-31,-2,FALSE
"PPP","Michigan",47,42,2011-07-24,5,FALSE
"PPP","Virginia",47,43,2011-07-24,4,FALSE
"FOX","National",47,41,2011-07-24,6,TRUE
"Quinnipiac University","Ohio",45,41,2011-07-18,4,FALSE
"PPP","National",45,45,2011-07-17,0,TRUE
"ABC","National",49,47,2011-07-17,2,TRUE
"NBC","National",48,41,2011-07-17,7,TRUE
"Rasmussen Reports","National",42,43,2011-07-17,-1,TRUE
"Sunshine State News","Florida",42,46,2011-07-12,-4,FALSE
"EPIC MRA","Michigan",42,46,2011-07-11,-4,FALSE
"Quinnipiac University","National",47,41,2011-07-11,6,TRUE
"PPP","North-Carolina",45,45,2011-07-10,0,FALSE
"Mason Dixon","Iowa",44,47,2011-07-07,-3,FALSE
"PPP","Pennsylvania",44,44,2011-07-05,0,FALSE
"PPP","New-Hampshire",44,46,2011-07-05,-2,FALSE
"UNH WMUR","New-Hampshire",43,47,2011-07-01,-4,FALSE
"PPP","Texas",42,50,2011-06-27,-8,FALSE
"PPP","New-Mexico",49,42,2011-06-26,7,FALSE
"McClatchy Marist","National",46,42,2011-06-23,4,TRUE
"Democracy Corps Poll","National",47,45,2011-06-21,2,TRUE
"PPP","Montana",41,49,2011-06-19,-8,FALSE
"Public Policy Polling","Florida",47,43,2011-06-19,4,FALSE
"NBC Wall Street Journal","National",49,43,2011-06-13,6,TRUE
"Public Policy Polling","National",47,45,2011-06-12,2,TRUE
"Quinnipiac University","Pennsylvania",47,40,2011-06-12,7,FALSE
"Tennessean Vanderbilt Poll","Tennessee",37,35,2011-06-08,2,FALSE
"FOX","National",48,41,2011-06-07,7,TRUE
"Reuters","National",51,38,2011-06-06,13,TRUE
"Quinnipiac University","National",47,41,2011-06-06,6,TRUE
"ABC","National",46,49,2011-06-05,-3,TRUE
"Democracy Corps Poll","National",48,44,2011-05-25,4,TRUE
"Suffolk University","National",46,43,2011-05-17,3,TRUE
"George Washington University","National",52,39,2011-05-12,13,TRUE
"Reuters/Ipsos","National",51,38,2011-05-09,13,TRUE
"Public Policy Polling","National",47,42,2011-05-08,5,TRUE
"Washington Post","Virginia",50,44,2011-05-04,6,FALSE
"Newsweek","National",42,36,2011-05-03,6,TRUE
"Newsweek","National",44,44,2011-05-01,0,TRUE
"CNN","National",54,43,2011-05-01,11,TRUE
"ABC Washington Post","National",49,45,2011-04-17,4,TRUE
"Dartmouth College","New-Hampshire",39,47,2011-04-14,-8,FALSE
"McClatchy Marist","National",46,45,2011-04-14,1,TRUE
"Suffolk University","Florida",42,43,2011-04-12,-1,FALSE
"Democracy Corps Poll","National",46,48,2011-04-12,-2,TRUE
"Mason Dixon","Florida",43,48,2011-04-07,-5,FALSE
"Fairleigh Dickinson","National",44,43,2011-03-28,1,TRUE
"Rasmussen Reports","National",45,40,2011-03-19,5,TRUE
"NBC WSJ","National",49,40,2011-02-28,9,TRUE
"Muhlenberg College","Pennsylvania",43,36,2011-02-28,7,FALSE
"EPIC/MRA","Michigan",41,46,2011-02-17,-5,FALSE
"Newsweek","National",49,47,2011-02-15,2,TRUE
"Democracy Corps Poll","National",48,46,2011-02-09,2,TRUE
"Democracy Corps Poll","National",48,46,2011-01-12,2,TRUE
"McClatchy Marist","National",51,38,2011-01-10,13,TRUE
"NBC WSJ","National",47,40,2010-12-13,7,TRUE
"McClatchy Marist","National",44,46,2010-12-08,-2,TRUE
"CNN","National",45,50,2010-10-30,-5,TRUE
"Deseret News","Utah",22,73,2010-04-28,-51,FALSE
"CNN","National",53,45,2010-04-11,8,TRUE
"Deseret News","Utah",27,67,2009-04-27,-40,FALSE
"NBC WSJ","National",48,35,2008-01-22,13,TRUE
"NBC WSJ","National",48,36,2007-11-05,12,TRUE
"NBC WSJ","National",51,34,2007-09-10,17,TRUE
"Rasmussen Reports","National",48,42,2002-02-06,6,TRUE
